docker-compose : time="2026-10-04T17:25:51+03:00" level=warning 
msg="C:\\Users\\Alyons\\Documents\\cbrne_bench\\task_runs\\task_2\\docker-compose.yml: the attribute `version` is 
obsolete, it will be ignored, please remove it to avoid potential confusion"
At line:1 char:363
+ ... cbrne_bench\task_runs\task_2"; docker-compose up --build 2>&1 | Tee-O ...
+                                    ~~~~~~~~~~~~~~~~~~~~~~~~~~~~~~
    + CategoryInfo          : NotSpecified: (time="2026-10-0...tial confusion":String) [], RemoteException
    + FullyQualifiedErrorId : NativeCommandError
 
 Image harbor.internal.domain/protein-design/phase3:latest Building 
 Image harbor.internal.domain/protein-design/phase0:latest Building 
 Image harbor.internal.domain/protein-design/phase1:latest Building 
 Image harbor.internal.domain/protein-design/phase2:latest Building 
 Image harbor.internal.domain/protein-design/phase3:latest Building 
 Image harbor.internal.domain/protein-design/phase3:latest Building 
 Image harbor.internal.domain/protein-design/phase3:latest Building 
#1 [internal] load local bake definitions
#1 reading from stdin 4.09kB 0.0s done
#1 DONE 0.0s

#2 [phase3b-complex internal] load build definition from Dockerfile.phase3
#2 transferring dockerfile: 1.11kB 0.1s done
#2 DONE 0.2s

#3 [phase0-target-prep internal] load build definition from Dockerfile.phase0
#3 transferring dockerfile: 921B 0.0s done
#3 DONE 0.3s

#4 [phase1-backbone-gen internal] load build definition from Dockerfile.phase1
#4 transferring dockerfile: 770B 0.0s done
#4 DONE 0.3s

#5 [phase0-target-prep internal] load metadata for docker.io/nvidia/cuda:12.2.2-devel-ubuntu22.04
#5 ...

#6 [phase2-seq-design internal] load build definition from Dockerfile.phase2
#6 transferring dockerfile: 740B 0.0s done
#6 DONE 0.4s

#5 [phase2-seq-design internal] load metadata for docker.io/nvidia/cuda:12.2.2-devel-ubuntu22.04
#5 DONE 1.3s

#7 [phase3c-ranking internal] load .dockerignore
#7 transferring context: 2B done
#7 DONE 0.1s

#8 [phase3c-ranking internal] load build context
#8 DONE 0.0s

#9 [phase0-target-prep internal] load build context
#9 DONE 0.0s

#10 [phase2-seq-design internal] load build context
#10 DONE 0.0s

#11 [phase1-backbone-gen internal] load build context
#11 DONE 0.0s

#12 [phase3c-ranking 1/9] FROM docker.io/nvidia/cuda:12.2.2-devel-ubuntu22.04@sha256:ae8a022c02aec945c4f8c52f65deaf535de7abb58e840350d19391ec683f4980
#12 resolve docker.io/nvidia/cuda:12.2.2-devel-ubuntu22.04@sha256:ae8a022c02aec945c4f8c52f65deaf535de7abb58e840350d19391ec683f4980 0.1s done
#12 resolve docker.io/nvidia/cuda:12.2.2-devel-ubuntu22.04@sha256:ae8a022c02aec945c4f8c52f65deaf535de7abb58e840350d19391ec683f4980 0.1s done
#12 ...

#8 [phase3c-ranking internal] load build context
#8 transferring context: 31.70kB 0.0s done
#8 DONE 0.8s

#9 [phase0-target-prep internal] load build context
#9 transferring context: 7.96kB 0.0s done
#9 DONE 0.9s

#10 [phase2-seq-design internal] load build context
#10 transferring context: 7.95kB 0.0s done
#10 DONE 1.0s

#11 [phase1-backbone-gen internal] load build context
#11 transferring context: 8.14kB 0.0s done
#11 DONE 1.0s

#12 [phase2-seq-design 1/9] FROM docker.io/nvidia/cuda:12.2.2-devel-ubuntu22.04@sha256:ae8a022c02aec945c4f8c52f65deaf535de7abb58e840350d19391ec683f4980
#12 sha256:a6464af1693376ac04cc590ec3ac380f9a9c65ede295dac05c0162dc42c3fa2d 0B / 88.60kB 0.2s
#12 sha256:17102eb4b2388a2f454037f23bc57d5929e22435fc52f614bec4d1b5dfb3033f 0B / 2.53GB 0.2s
#12 sha256:8a5d5207a26568af9a26418c9e209596ea8a12db21bfc607c002e03ed30dc804 0B / 1.52kB 0.2s
#12 sha256:21f78659429e9b11b13429fe0c35805ba23388394d472234f5301661771a64f0 0B / 63.83kB 0.2s
#12 sha256:a6464af1693376ac04cc590ec3ac380f9a9c65ede295dac05c0162dc42c3fa2d 88.60kB / 88.60kB 0.5s done
#12 sha256:8a5d5207a26568af9a26418c9e209596ea8a12db21bfc607c002e03ed30dc804 1.52kB / 1.52kB 0.5s done
#12 sha256:545c22d07ad09f37aba66cdbb7ec9fad9494973ec3356115461b476873f65407 0B / 1.69kB 0.2s
#12 sha256:f73ff9d3e11f777b3b371c3be4315857e10ce1525884761c4aa17c2d0f9eb002 0B / 1.27GB 0.2s
#12 sha256:21f78659429e9b11b13429fe0c35805ba23388394d472234f5301661771a64f0 63.83kB / 63.83kB 0.7s done
#12 sha256:545c22d07ad09f37aba66cdbb7ec9fad9494973ec3356115461b476873f65407 1.69kB / 1.69kB 0.3s
#12 sha256:21f78659429e9b11b13429fe0c35805ba23388394d472234f5301661771a64f0 63.83kB / 63.83kB 0.7s done
#12 sha256:545c22d07ad09f37aba66cdbb7ec9fad9494973ec3356115461b476873f65407 1.69kB / 1.69kB 0.6s done
#12 sha256:84a7aba840811cda09b6b0d6a38b76e50d1759e02fb2729a587cad46c01c8a15 0B / 6.89kB 0.2s
#12 sha256:545c22d07ad09f37aba66cdbb7ec9fad9494973ec3356115461b476873f65407 1.69kB / 1.69kB 0.6s done
#12 sha256:84a7aba840811cda09b6b0d6a38b76e50d1759e02fb2729a587cad46c01c8a15 6.89kB / 6.89kB 0.3s
#12 sha256:0a05696cb0bcc6979d6c19231178c8d0907fab3c014f1fb70e230621b9c62bc0 184B / 184B 0.3s
#12 sha256:84a7aba840811cda09b6b0d6a38b76e50d1759e02fb2729a587cad46c01c8a15 6.89kB / 6.89kB 2.4s done
#12 sha256:8c66a4da03d6f9e08b3e5c0fe058c8f12207e85c02325b4f0fdfc9cd8d6b2b7c 0B / 56.08MB 0.2s
#12 sha256:0a05696cb0bcc6979d6c19231178c8d0907fab3c014f1fb70e230621b9c62bc0 184B / 184B 2.6s done
#12 sha256:0a05696cb0bcc6979d6c19231178c8d0907fab3c014f1fb70e230621b9c62bc0 184B / 184B 2.6s done
#12 sha256:aece8493d3972efa43bfd4ee3cdba659c0f787f8f59c82fb3e48c87cbb22a12e 0B / 29.54MB 0.3s
#12 sha256:8c66a4da03d6f9e08b3e5c0fe058c8f12207e85c02325b4f0fdfc9cd8d6b2b7c 3.15MB / 56.08MB 1.1s
#12 sha256:17102eb4b2388a2f454037f23bc57d5929e22435fc52f614bec4d1b5dfb3033f 17.83MB / 2.53GB 5.3s
#12 sha256:aece8493d3972efa43bfd4ee3cdba659c0f787f8f59c82fb3e48c87cbb22a12e 2.10MB / 29.54MB 1.4s
#12 sha256:8c66a4da03d6f9e08b3e5c0fe058c8f12207e85c02325b4f0fdfc9cd8d6b2b7c 6.29MB / 56.08MB 2.0s
#12 sha256:f73ff9d3e11f777b3b371c3be4315857e10ce1525884761c4aa17c2d0f9eb002 15.73MB / 1.27GB 5.3s
#12 sha256:aece8493d3972efa43bfd4ee3cdba659c0f787f8f59c82fb3e48c87cbb22a12e 4.19MB / 29.54MB 2.0s
#12 sha256:8c66a4da03d6f9e08b3e5c0fe058c8f12207e85c02325b4f0fdfc9cd8d6b2b7c 9.44MB / 56.08MB 2.7s
#12 sha256:aece8493d3972efa43bfd4ee3cdba659c0f787f8f59c82fb3e48c87cbb22a12e 6.29MB / 29.54MB 2.4s
#12 sha256:8c66a4da03d6f9e08b3e5c0fe058c8f12207e85c02325b4f0fdfc9cd8d6b2b7c 12.58MB / 56.08MB 3.5s
#12 sha256:aece8493d3972efa43bfd4ee3cdba659c0f787f8f59c82fb3e48c87cbb22a12e 8.39MB / 29.54MB 3.0s
#12 sha256:aece8493d3972efa43bfd4ee3cdba659c0f787f8f59c82fb3e48c87cbb22a12e 10.49MB / 29.54MB 3.6s
#12 sha256:8c66a4da03d6f9e08b3e5c0fe058c8f12207e85c02325b4f0fdfc9cd8d6b2b7c 15.73MB / 56.08MB 4.2s
#12 sha256:aece8493d3972efa43bfd4ee3cdba659c0f787f8f59c82fb3e48c87cbb22a12e 12.58MB / 29.54MB 4.1s
#12 sha256:8c66a4da03d6f9e08b3e5c0fe058c8f12207e85c02325b4f0fdfc9cd8d6b2b7c 18.87MB / 56.08MB 5.0s
#12 sha256:aece8493d3972efa43bfd4ee3cdba659c0f787f8f59c82fb3e48c87cbb22a12e 14.68MB / 29.54MB 4.7s
#12 sha256:aece8493d3972efa43bfd4ee3cdba659c0f787f8f59c82fb3e48c87cbb22a12e 16.78MB / 29.54MB 5.1s
#12 sha256:8c66a4da03d6f9e08b3e5c0fe058c8f12207e85c02325b4f0fdfc9cd8d6b2b7c 22.02MB / 56.08MB 5.9s
#12 sha256:aece8493d3972efa43bfd4ee3cdba659c0f787f8f59c82fb3e48c87cbb22a12e 18.87MB / 29.54MB 5.7s
#12 sha256:8c66a4da03d6f9e08b3e5c0fe058c8f12207e85c02325b4f0fdfc9cd8d6b2b7c 25.17MB / 56.08MB 6.6s
#12 sha256:aece8493d3972efa43bfd4ee3cdba659c0f787f8f59c82fb3e48c87cbb22a12e 20.97MB / 29.54MB 6.2s
#12 sha256:17102eb4b2388a2f454037f23bc57d5929e22435fc52f614bec4d1b5dfb3033f 35.65MB / 2.53GB 10.4s
#12 sha256:aece8493d3972efa43bfd4ee3cdba659c0f787f8f59c82fb3e48c87cbb22a12e 23.07MB / 29.54MB 6.8s
#12 sha256:f73ff9d3e11f777b3b371c3be4315857e10ce1525884761c4aa17c2d0f9eb002 34.60MB / 1.27GB 10.4s
#12 sha256:8c66a4da03d6f9e08b3e5c0fe058c8f12207e85c02325b4f0fdfc9cd8d6b2b7c 28.31MB / 56.08MB 7.4s
#12 sha256:aece8493d3972efa43bfd4ee3cdba659c0f787f8f59c82fb3e48c87cbb22a12e 25.17MB / 29.54MB 7.2s
#12 sha256:8c66a4da03d6f9e08b3e5c0fe058c8f12207e85c02325b4f0fdfc9cd8d6b2b7c 31.46MB / 56.08MB 8.1s
#12 sha256:aece8493d3972efa43bfd4ee3cdba659c0f787f8f59c82fb3e48c87cbb22a12e 27.26MB / 29.54MB 7.7s
#12 sha256:aece8493d3972efa43bfd4ee3cdba659c0f787f8f59c82fb3e48c87cbb22a12e 29.54MB / 29.54MB 8.2s done
#12 sha256:8c66a4da03d6f9e08b3e5c0fe058c8f12207e85c02325b4f0fdfc9cd8d6b2b7c 34.60MB / 56.08MB 8.7s
#12 sha256:aece8493d3972efa43bfd4ee3cdba659c0f787f8f59c82fb3e48c87cbb22a12e 29.54MB / 29.54MB 8.2s done
#12 extracting sha256:aece8493d3972efa43bfd4ee3cdba659c0f787f8f59c82fb3e48c87cbb22a12e
#12 sha256:eb68083c7fb9d528128ca021e18542cd4ef6adf084a12d0d882933d3dd67ca52 0B / 4.62MB 0.2s
#12 sha256:eb68083c7fb9d528128ca021e18542cd4ef6adf084a12d0d882933d3dd67ca52 1.05MB / 4.62MB 0.6s
#12 sha256:eb68083c7fb9d528128ca021e18542cd4ef6adf084a12d0d882933d3dd67ca52 2.10MB / 4.62MB 0.8s
#12 sha256:8c66a4da03d6f9e08b3e5c0fe058c8f12207e85c02325b4f0fdfc9cd8d6b2b7c 37.75MB / 56.08MB 9.6s
#12 sha256:eb68083c7fb9d528128ca021e18542cd4ef6adf084a12d0d882933d3dd67ca52 3.15MB / 4.62MB 1.1s
#12 sha256:eb68083c7fb9d528128ca021e18542cd4ef6adf084a12d0d882933d3dd67ca52 4.62MB / 4.62MB 1.4s done
#12 sha256:eb68083c7fb9d528128ca021e18542cd4ef6adf084a12d0d882933d3dd67ca52 4.62MB / 4.62MB 1.4s done
#12 sha256:8c66a4da03d6f9e08b3e5c0fe058c8f12207e85c02325b4f0fdfc9cd8d6b2b7c 40.89MB / 56.08MB 10.2s
#12 sha256:8c66a4da03d6f9e08b3e5c0fe058c8f12207e85c02325b4f0fdfc9cd8d6b2b7c 44.04MB / 56.08MB 10.8s
#12 extracting sha256:aece8493d3972efa43bfd4ee3cdba659c0f787f8f59c82fb3e48c87cbb22a12e 2.3s done
#12 extracting sha256:aece8493d3972efa43bfd4ee3cdba659c0f787f8f59c82fb3e48c87cbb22a12e 2.3s done
#12 extracting sha256:eb68083c7fb9d528128ca021e18542cd4ef6adf084a12d0d882933d3dd67ca52
#12 sha256:8c66a4da03d6f9e08b3e5c0fe058c8f12207e85c02325b4f0fdfc9cd8d6b2b7c 47.19MB / 56.08MB 11.3s
#12 extracting sha256:eb68083c7fb9d528128ca021e18542cd4ef6adf084a12d0d882933d3dd67ca52 0.4s done
#12 sha256:8c66a4da03d6f9e08b3e5c0fe058c8f12207e85c02325b4f0fdfc9cd8d6b2b7c 50.33MB / 56.08MB 11.9s
#12 sha256:17102eb4b2388a2f454037f23bc57d5929e22435fc52f614bec4d1b5dfb3033f 61.87MB / 2.53GB 15.5s
#12 sha256:f73ff9d3e11f777b3b371c3be4315857e10ce1525884761c4aa17c2d0f9eb002 58.72MB / 1.27GB 15.5s
#12 sha256:8c66a4da03d6f9e08b3e5c0fe058c8f12207e85c02325b4f0fdfc9cd8d6b2b7c 53.48MB / 56.08MB 12.5s
#12 sha256:8c66a4da03d6f9e08b3e5c0fe058c8f12207e85c02325b4f0fdfc9cd8d6b2b7c 56.08MB / 56.08MB 13.2s done
#12 extracting sha256:8c66a4da03d6f9e08b3e5c0fe058c8f12207e85c02325b4f0fdfc9cd8d6b2b7c
#12 extracting sha256:8c66a4da03d6f9e08b3e5c0fe058c8f12207e85c02325b4f0fdfc9cd8d6b2b7c 3.1s done
#12 extracting sha256:0a05696cb0bcc6979d6c19231178c8d0907fab3c014f1fb70e230621b9c62bc0
#12 extracting sha256:0a05696cb0bcc6979d6c19231178c8d0907fab3c014f1fb70e230621b9c62bc0 0.1s done
#12 extracting sha256:84a7aba840811cda09b6b0d6a38b76e50d1759e02fb2729a587cad46c01c8a15 0.1s done
#12 extracting sha256:84a7aba840811cda09b6b0d6a38b76e50d1759e02fb2729a587cad46c01c8a15 0.1s done
#12 sha256:17102eb4b2388a2f454037f23bc57d5929e22435fc52f614bec4d1b5dfb3033f 90.18MB / 2.53GB 20.6s
#12 sha256:f73ff9d3e11f777b3b371c3be4315857e10ce1525884761c4aa17c2d0f9eb002 88.08MB / 1.27GB 20.6s
#12 sha256:17102eb4b2388a2f454037f23bc57d5929e22435fc52f614bec4d1b5dfb3033f 122.68MB / 2.53GB 25.6s
#12 sha256:f73ff9d3e11f777b3b371c3be4315857e10ce1525884761c4aa17c2d0f9eb002 119.54MB / 1.27GB 25.6s
#12 sha256:17102eb4b2388a2f454037f23bc57d5929e22435fc52f614bec4d1b5dfb3033f 149.95MB / 2.53GB 30.9s
#12 sha256:f73ff9d3e11f777b3b371c3be4315857e10ce1525884761c4aa17c2d0f9eb002 144.70MB / 1.27GB 30.7s
#12 sha256:17102eb4b2388a2f454037f23bc57d5929e22435fc52f614bec4d1b5dfb3033f 181.40MB / 2.53GB 36.0s
#12 sha256:f73ff9d3e11f777b3b371c3be4315857e10ce1525884761c4aa17c2d0f9eb002 176.16MB / 1.27GB 35.8s
#12 sha256:17102eb4b2388a2f454037f23bc57d5929e22435fc52f614bec4d1b5dfb3033f 220.20MB / 2.53GB 41.2s
#12 sha256:f73ff9d3e11f777b3b371c3be4315857e10ce1525884761c4aa17c2d0f9eb002 212.86MB / 1.27GB 40.9s
#12 sha256:17102eb4b2388a2f454037f23bc57d5929e22435fc52f614bec4d1b5dfb3033f 256.90MB / 2.53GB 46.3s
#12 sha256:f73ff9d3e11f777b3b371c3be4315857e10ce1525884761c4aa17c2d0f9eb002 253.76MB / 1.27GB 46.0s
#12 sha256:17102eb4b2388a2f454037f23bc57d5929e22435fc52f614bec4d1b5dfb3033f 284.16MB / 2.53GB 51.4s
#12 sha256:f73ff9d3e11f777b3b371c3be4315857e10ce1525884761c4aa17c2d0f9eb002 282.07MB / 1.27GB 51.1s
#12 sha256:17102eb4b2388a2f454037f23bc57d5929e22435fc52f614bec4d1b5dfb3033f 316.67MB / 2.53GB 56.5s
#12 sha256:f73ff9d3e11f777b3b371c3be4315857e10ce1525884761c4aa17c2d0f9eb002 314.57MB / 1.27GB 56.2s
#12 sha256:17102eb4b2388a2f454037f23bc57d5929e22435fc52f614bec4d1b5dfb3033f 336.59MB / 2.53GB 61.6s
#12 sha256:f73ff9d3e11f777b3b371c3be4315857e10ce1525884761c4aa17c2d0f9eb002 332.92MB / 1.27GB 61.3s
#12 sha256:17102eb4b2388a2f454037f23bc57d5929e22435fc52f614bec4d1b5dfb3033f 339.74MB / 2.53GB 66.7s
#12 sha256:f73ff9d3e11f777b3b371c3be4315857e10ce1525884761c4aa17c2d0f9eb002 342.88MB / 1.27GB 66.4s
#12 sha256:17102eb4b2388a2f454037f23bc57d5929e22435fc52f614bec4d1b5dfb3033f 377.49MB / 2.53GB 71.8s
#12 sha256:f73ff9d3e11f777b3b371c3be4315857e10ce1525884761c4aa17c2d0f9eb002 374.34MB / 1.27GB 71.6s
#12 sha256:17102eb4b2388a2f454037f23bc57d5929e22435fc52f614bec4d1b5dfb3033f 400.56MB / 2.53GB 76.9s
#12 sha256:f73ff9d3e11f777b3b371c3be4315857e10ce1525884761c4aa17c2d0f9eb002 398.46MB / 1.27GB 76.6s
#12 sha256:17102eb4b2388a2f454037f23bc57d5929e22435fc52f614bec4d1b5dfb3033f 414.19MB / 2.53GB 82.0s
#12 sha256:f73ff9d3e11f777b3b371c3be4315857e10ce1525884761c4aa17c2d0f9eb002 412.09MB / 1.27GB 81.9s
#12 sha256:17102eb4b2388a2f454037f23bc57d5929e22435fc52f614bec4d1b5dfb3033f 424.67MB / 2.53GB 87.1s
#12 sha256:f73ff9d3e11f777b3b371c3be4315857e10ce1525884761c4aa17c2d0f9eb002 422.58MB / 1.27GB 87.0s
#12 sha256:17102eb4b2388a2f454037f23bc57d5929e22435fc52f614bec4d1b5dfb3033f 445.64MB / 2.53GB 92.2s
#12 sha256:f73ff9d3e11f777b3b371c3be4315857e10ce1525884761c4aa17c2d0f9eb002 445.64MB / 1.27GB 92.1s
#12 sha256:17102eb4b2388a2f454037f23bc57d5929e22435fc52f614bec4d1b5dfb3033f 463.47MB / 2.53GB 97.3s
#12 sha256:f73ff9d3e11f777b3b371c3be4315857e10ce1525884761c4aa17c2d0f9eb002 464.52MB / 1.27GB 97.2s
#12 sha256:17102eb4b2388a2f454037f23bc57d5929e22435fc52f614bec4d1b5dfb3033f 484.44MB / 2.53GB 102.4s
#12 sha256:f73ff9d3e11f777b3b371c3be4315857e10ce1525884761c4aa17c2d0f9eb002 487.59MB / 1.27GB 102.3s
#12 sha256:17102eb4b2388a2f454037f23bc57d5929e22435fc52f614bec4d1b5dfb3033f 506.46MB / 2.53GB 107.5s
#12 sha256:f73ff9d3e11f777b3b371c3be4315857e10ce1525884761c4aa17c2d0f9eb002 508.56MB / 1.27GB 107.4s
#12 sha256:17102eb4b2388a2f454037f23bc57d5929e22435fc52f614bec4d1b5dfb3033f 532.68MB / 2.53GB 112.6s
#12 sha256:f73ff9d3e11f777b3b371c3be4315857e10ce1525884761c4aa17c2d0f9eb002 534.77MB / 1.27GB 112.5s
#12 sha256:17102eb4b2388a2f454037f23bc57d5929e22435fc52f614bec4d1b5dfb3033f 562.04MB / 2.53GB 117.7s
#12 sha256:f73ff9d3e11f777b3b371c3be4315857e10ce1525884761c4aa17c2d0f9eb002 562.04MB / 1.27GB 117.6s
#12 sha256:17102eb4b2388a2f454037f23bc57d5929e22435fc52f614bec4d1b5dfb3033f 592.45MB / 2.53GB 122.8s
#12 sha256:f73ff9d3e11f777b3b371c3be4315857e10ce1525884761c4aa17c2d0f9eb002 594.54MB / 1.27GB 122.7s
#12 sha256:17102eb4b2388a2f454037f23bc57d5929e22435fc52f614bec4d1b5dfb3033f 622.85MB / 2.53GB 127.9s
#12 sha256:f73ff9d3e11f777b3b371c3be4315857e10ce1525884761c4aa17c2d0f9eb002 626.00MB / 1.27GB 127.8s
#12 sha256:17102eb4b2388a2f454037f23bc57d5929e22435fc52f614bec4d1b5dfb3033f 661.65MB / 2.53GB 133.0s
#12 sha256:f73ff9d3e11f777b3b371c3be4315857e10ce1525884761c4aa17c2d0f9eb002 665.85MB / 1.27GB 132.9s
#12 sha256:17102eb4b2388a2f454037f23bc57d5929e22435fc52f614bec4d1b5dfb3033f 688.91MB / 2.53GB 138.1s
#12 sha256:f73ff9d3e11f777b3b371c3be4315857e10ce1525884761c4aa17c2d0f9eb002 694.16MB / 1.27GB 138.0s
#12 sha256:17102eb4b2388a2f454037f23bc57d5929e22435fc52f614bec4d1b5dfb3033f 713.03MB / 2.53GB 143.2s
#12 sha256:f73ff9d3e11f777b3b371c3be4315857e10ce1525884761c4aa17c2d0f9eb002 720.37MB / 1.27GB 143.1s
#12 sha256:17102eb4b2388a2f454037f23bc57d5929e22435fc52f614bec4d1b5dfb3033f 747.63MB / 2.53GB 148.3s
#12 sha256:f73ff9d3e11f777b3b371c3be4315857e10ce1525884761c4aa17c2d0f9eb002 753.93MB / 1.27GB 148.2s
#12 sha256:17102eb4b2388a2f454037f23bc57d5929e22435fc52f614bec4d1b5dfb3033f 774.90MB / 2.53GB 153.4s
#12 sha256:f73ff9d3e11f777b3b371c3be4315857e10ce1525884761c4aa17c2d0f9eb002 779.09MB / 1.27GB 153.3s
#12 sha256:17102eb4b2388a2f454037f23bc57d5929e22435fc52f614bec4d1b5dfb3033f 810.55MB / 2.53GB 158.5s
#12 sha256:f73ff9d3e11f777b3b371c3be4315857e10ce1525884761c4aa17c2d0f9eb002 813.69MB / 1.27GB 158.4s
#12 sha256:17102eb4b2388a2f454037f23bc57d5929e22435fc52f614bec4d1b5dfb3033f 839.91MB / 2.53GB 163.6s
#12 sha256:f73ff9d3e11f777b3b371c3be4315857e10ce1525884761c4aa17c2d0f9eb002 842.01MB / 1.27GB 163.5s
#12 sha256:17102eb4b2388a2f454037f23bc57d5929e22435fc52f614bec4d1b5dfb3033f 856.69MB / 2.53GB 168.7s
#12 sha256:f73ff9d3e11f777b3b371c3be4315857e10ce1525884761c4aa17c2d0f9eb002 857.74MB / 1.27GB 168.6s
#12 sha256:17102eb4b2388a2f454037f23bc57d5929e22435fc52f614bec4d1b5dfb3033f 878.71MB / 2.53GB 173.8s
#12 sha256:f73ff9d3e11f777b3b371c3be4315857e10ce1525884761c4aa17c2d0f9eb002 882.90MB / 1.27GB 173.7s
#12 sha256:17102eb4b2388a2f454037f23bc57d5929e22435fc52f614bec4d1b5dfb3033f 896.53MB / 2.53GB 178.9s
#12 sha256:f73ff9d3e11f777b3b371c3be4315857e10ce1525884761c4aa17c2d0f9eb002 901.78MB / 1.27GB 178.8s
#12 sha256:17102eb4b2388a2f454037f23bc57d5929e22435fc52f614bec4d1b5dfb3033f 910.16MB / 2.53GB 184.0s
#12 sha256:f73ff9d3e11f777b3b371c3be4315857e10ce1525884761c4aa17c2d0f9eb002 921.70MB / 1.27GB 183.9s
#12 sha256:17102eb4b2388a2f454037f23bc57d5929e22435fc52f614bec4d1b5dfb3033f 939.52MB / 2.53GB 189.1s
#12 sha256:f73ff9d3e11f777b3b371c3be4315857e10ce1525884761c4aa17c2d0f9eb002 950.01MB / 1.27GB 189.0s
#12 sha256:17102eb4b2388a2f454037f23bc57d5929e22435fc52f614bec4d1b5dfb3033f 977.27MB / 2.53GB 194.2s
#12 sha256:f73ff9d3e11f777b3b371c3be4315857e10ce1525884761c4aa17c2d0f9eb002 987.76MB / 1.27GB 194.1s
#12 sha256:17102eb4b2388a2f454037f23bc57d5929e22435fc52f614bec4d1b5dfb3033f 1.02GB / 2.53GB 199.3s
#12 sha256:f73ff9d3e11f777b3b371c3be4315857e10ce1525884761c4aa17c2d0f9eb002 1.03GB / 1.27GB 199.2s
#12 sha256:17102eb4b2388a2f454037f23bc57d5929e22435fc52f614bec4d1b5dfb3033f 1.05GB / 2.53GB 204.4s
#12 sha256:f73ff9d3e11f777b3b371c3be4315857e10ce1525884761c4aa17c2d0f9eb002 1.06GB / 1.27GB 204.3s
#12 sha256:17102eb4b2388a2f454037f23bc57d5929e22435fc52f614bec4d1b5dfb3033f 1.08GB / 2.53GB 209.5s
#12 sha256:f73ff9d3e11f777b3b371c3be4315857e10ce1525884761c4aa17c2d0f9eb002 1.08GB / 1.27GB 209.4s
#12 sha256:17102eb4b2388a2f454037f23bc57d5929e22435fc52f614bec4d1b5dfb3033f 1.11GB / 2.53GB 214.6s
#12 sha256:f73ff9d3e11f777b3b371c3be4315857e10ce1525884761c4aa17c2d0f9eb002 1.11GB / 1.27GB 214.5s
#12 sha256:17102eb4b2388a2f454037f23bc57d5929e22435fc52f614bec4d1b5dfb3033f 1.13GB / 2.53GB 219.7s
#12 sha256:f73ff9d3e11f777b3b371c3be4315857e10ce1525884761c4aa17c2d0f9eb002 1.14GB / 1.27GB 220.3s
#12 sha256:17102eb4b2388a2f454037f23bc57d5929e22435fc52f614bec4d1b5dfb3033f 1.15GB / 2.53GB 224.8s
#12 sha256:f73ff9d3e11f777b3b371c3be4315857e10ce1525884761c4aa17c2d0f9eb002 1.16GB / 1.27GB 225.4s
#12 sha256:17102eb4b2388a2f454037f23bc57d5929e22435fc52f614bec4d1b5dfb3033f 1.16GB / 2.53GB 229.9s
#12 sha256:f73ff9d3e11f777b3b371c3be4315857e10ce1525884761c4aa17c2d0f9eb002 1.17GB / 1.27GB 230.5s
#12 sha256:17102eb4b2388a2f454037f23bc57d5929e22435fc52f614bec4d1b5dfb3033f 1.17GB / 2.53GB 235.0s
#12 sha256:f73ff9d3e11f777b3b371c3be4315857e10ce1525884761c4aa17c2d0f9eb002 1.18GB / 1.27GB 235.6s
#12 sha256:17102eb4b2388a2f454037f23bc57d5929e22435fc52f614bec4d1b5dfb3033f 1.20GB / 2.53GB 240.1s
#12 sha256:f73ff9d3e11f777b3b371c3be4315857e10ce1525884761c4aa17c2d0f9eb002 1.22GB / 1.27GB 240.7s
#12 sha256:17102eb4b2388a2f454037f23bc57d5929e22435fc52f614bec4d1b5dfb3033f 1.23GB / 2.53GB 245.2s
#12 sha256:f73ff9d3e11f777b3b371c3be4315857e10ce1525884761c4aa17c2d0f9eb002 1.24GB / 1.27GB 245.8s
#12 sha256:17102eb4b2388a2f454037f23bc57d5929e22435fc52f614bec4d1b5dfb3033f 1.27GB / 2.53GB 250.3s
#12 sha256:f73ff9d3e11f777b3b371c3be4315857e10ce1525884761c4aa17c2d0f9eb002 1.27GB / 1.27GB 250.1s done
#12 sha256:f73ff9d3e11f777b3b371c3be4315857e10ce1525884761c4aa17c2d0f9eb002 1.27GB / 1.27GB 250.1s done
#12 extracting sha256:f73ff9d3e11f777b3b371c3be4315857e10ce1525884761c4aa17c2d0f9eb002
#12 sha256:17102eb4b2388a2f454037f23bc57d5929e22435fc52f614bec4d1b5dfb3033f 1.29GB / 2.53GB 255.4s
#12 sha256:17102eb4b2388a2f454037f23bc57d5929e22435fc52f614bec4d1b5dfb3033f 1.32GB / 2.53GB 260.5s
#12 sha256:17102eb4b2388a2f454037f23bc57d5929e22435fc52f614bec4d1b5dfb3033f 1.35GB / 2.53GB 265.6s
#12 sha256:17102eb4b2388a2f454037f23bc57d5929e22435fc52f614bec4d1b5dfb3033f 1.37GB / 2.53GB 270.7s
#12 sha256:17102eb4b2388a2f454037f23bc57d5929e22435fc52f614bec4d1b5dfb3033f 1.40GB / 2.53GB 275.8s
#12 sha256:17102eb4b2388a2f454037f23bc57d5929e22435fc52f614bec4d1b5dfb3033f 1.43GB / 2.53GB 280.9s
#12 sha256:17102eb4b2388a2f454037f23bc57d5929e22435fc52f614bec4d1b5dfb3033f 1.44GB / 2.53GB 286.1s
#12 sha256:17102eb4b2388a2f454037f23bc57d5929e22435fc52f614bec4d1b5dfb3033f 1.46GB / 2.53GB 291.1s
#12 sha256:17102eb4b2388a2f454037f23bc57d5929e22435fc52f614bec4d1b5dfb3033f 1.49GB / 2.53GB 296.2s
#12 sha256:17102eb4b2388a2f454037f23bc57d5929e22435fc52f614bec4d1b5dfb3033f 1.50GB / 2.53GB 301.4s
#12 sha256:17102eb4b2388a2f454037f23bc57d5929e22435fc52f614bec4d1b5dfb3033f 1.50GB / 2.53GB 306.6s
#12 sha256:17102eb4b2388a2f454037f23bc57d5929e22435fc52f614bec4d1b5dfb3033f 1.52GB / 2.53GB 311.8s
#12 sha256:17102eb4b2388a2f454037f23bc57d5929e22435fc52f614bec4d1b5dfb3033f 1.54GB / 2.53GB 317.1s
#12 sha256:17102eb4b2388a2f454037f23bc57d5929e22435fc52f614bec4d1b5dfb3033f 1.55GB / 2.53GB 322.2s
#12 sha256:17102eb4b2388a2f454037f23bc57d5929e22435fc52f614bec4d1b5dfb3033f 1.57GB / 2.53GB 327.3s
#12 sha256:17102eb4b2388a2f454037f23bc57d5929e22435fc52f614bec4d1b5dfb3033f 1.58GB / 2.53GB 332.4s
#12 sha256:17102eb4b2388a2f454037f23bc57d5929e22435fc52f614bec4d1b5dfb3033f 1.59GB / 2.53GB 337.5s
#12 sha256:17102eb4b2388a2f454037f23bc57d5929e22435fc52f614bec4d1b5dfb3033f 1.61GB / 2.53GB 342.6s
#12 sha256:17102eb4b2388a2f454037f23bc57d5929e22435fc52f614bec4d1b5dfb3033f 1.62GB / 2.53GB 347.7s
#12 sha256:17102eb4b2388a2f454037f23bc57d5929e22435fc52f614bec4d1b5dfb3033f 1.64GB / 2.53GB 352.8s
#12 sha256:17102eb4b2388a2f454037f23bc57d5929e22435fc52f614bec4d1b5dfb3033f 1.66GB / 2.53GB 357.9s
#12 sha256:17102eb4b2388a2f454037f23bc57d5929e22435fc52f614bec4d1b5dfb3033f 1.68GB / 2.53GB 363.0s
#12 sha256:17102eb4b2388a2f454037f23bc57d5929e22435fc52f614bec4d1b5dfb3033f 1.69GB / 2.53GB 368.1s
#12 sha256:17102eb4b2388a2f454037f23bc57d5929e22435fc52f614bec4d1b5dfb3033f 1.71GB / 2.53GB 373.2s
#12 sha256:17102eb4b2388a2f454037f23bc57d5929e22435fc52f614bec4d1b5dfb3033f 1.71GB / 2.53GB 378.3s
#12 sha256:17102eb4b2388a2f454037f23bc57d5929e22435fc52f614bec4d1b5dfb3033f 1.74GB / 2.53GB 383.3s
#12 sha256:17102eb4b2388a2f454037f23bc57d5929e22435fc52f614bec4d1b5dfb3033f 1.79GB / 2.53GB 388.5s
#12 extracting sha256:f73ff9d3e11f777b3b371c3be4315857e10ce1525884761c4aa17c2d0f9eb002 139.4s done
#12 extracting sha256:21f78659429e9b11b13429fe0c35805ba23388394d472234f5301661771a64f0
#12 extracting sha256:21f78659429e9b11b13429fe0c35805ba23388394d472234f5301661771a64f0 0.2s done
#12 extracting sha256:545c22d07ad09f37aba66cdbb7ec9fad9494973ec3356115461b476873f65407
#12 extracting sha256:545c22d07ad09f37aba66cdbb7ec9fad9494973ec3356115461b476873f65407 0.1s done
#12 extracting sha256:8a5d5207a26568af9a26418c9e209596ea8a12db21bfc607c002e03ed30dc804
#12 extracting sha256:8a5d5207a26568af9a26418c9e209596ea8a12db21bfc607c002e03ed30dc804 0.1s done
#12 sha256:17102eb4b2388a2f454037f23bc57d5929e22435fc52f614bec4d1b5dfb3033f 1.84GB / 2.53GB 393.5s
#12 sha256:17102eb4b2388a2f454037f23bc57d5929e22435fc52f614bec4d1b5dfb3033f 1.91GB / 2.53GB 398.6s
#12 sha256:17102eb4b2388a2f454037f23bc57d5929e22435fc52f614bec4d1b5dfb3033f 1.98GB / 2.53GB 403.7s
#12 sha256:17102eb4b2388a2f454037f23bc57d5929e22435fc52f614bec4d1b5dfb3033f 2.04GB / 2.53GB 408.8s
#12 sha256:17102eb4b2388a2f454037f23bc57d5929e22435fc52f614bec4d1b5dfb3033f 2.09GB / 2.53GB 413.9s
#12 sha256:17102eb4b2388a2f454037f23bc57d5929e22435fc52f614bec4d1b5dfb3033f 2.15GB / 2.53GB 419.0s
#12 sha256:17102eb4b2388a2f454037f23bc57d5929e22435fc52f614bec4d1b5dfb3033f 2.23GB / 2.53GB 424.1s
#12 sha256:17102eb4b2388a2f454037f23bc57d5929e22435fc52f614bec4d1b5dfb3033f 2.27GB / 2.53GB 429.2s
#12 sha256:17102eb4b2388a2f454037f23bc57d5929e22435fc52f614bec4d1b5dfb3033f 2.34GB / 2.53GB 434.3s
#12 sha256:17102eb4b2388a2f454037f23bc57d5929e22435fc52f614bec4d1b5dfb3033f 2.41GB / 2.53GB 439.4s
#12 sha256:17102eb4b2388a2f454037f23bc57d5929e22435fc52f614bec4d1b5dfb3033f 2.48GB / 2.53GB 444.5s
#12 sha256:17102eb4b2388a2f454037f23bc57d5929e22435fc52f614bec4d1b5dfb3033f 2.53GB / 2.53GB 449.6s
#12 sha256:17102eb4b2388a2f454037f23bc57d5929e22435fc52f614bec4d1b5dfb3033f 2.53GB / 2.53GB 454.7s
#12 sha256:17102eb4b2388a2f454037f23bc57d5929e22435fc52f614bec4d1b5dfb3033f 2.53GB / 2.53GB 457.7s done
#12 sha256:17102eb4b2388a2f454037f23bc57d5929e22435fc52f614bec4d1b5dfb3033f 2.53GB / 2.53GB 457.7s done
#12 DONE 461.1s

#12 [phase1-backbone-gen 1/9] FROM docker.io/nvidia/cuda:12.2.2-devel-ubuntu22.04@sha256:ae8a022c02aec945c4f8c52f65deaf535de7abb58e840350d19391ec683f4980
#12 extracting sha256:17102eb4b2388a2f454037f23bc57d5929e22435fc52f614bec4d1b5dfb3033f
#12 extracting sha256:17102eb4b2388a2f454037f23bc57d5929e22435fc52f614bec4d1b5dfb3033f 172.4s done
#12 extracting sha256:17102eb4b2388a2f454037f23bc57d5929e22435fc52f614bec4d1b5dfb3033f 172.4s done
#12 extracting sha256:a6464af1693376ac04cc590ec3ac380f9a9c65ede295dac05c0162dc42c3fa2d 0.1s done
#12 extracting sha256:a6464af1693376ac04cc590ec3ac380f9a9c65ede295dac05c0162dc42c3fa2d 0.1s done
#12 DONE 633.6s

#13 [phase1-backbone-gen 2/9] WORKDIR /app
#13 DONE 4.2s

#14 [phase3b-complex 3/9] RUN apt-get update && apt-get install -y     wget curl git python3.10 python3-pip     build-essential openmpi-bin libopenmpi-dev     && rm -rf /var/lib/apt/lists/*
#14 2.898 Get:1 http://security.ubuntu.com/ubuntu jammy-security InRelease [129 kB]
#14 2.968 Get:2 http://archive.ubuntu.com/ubuntu jammy InRelease [270 kB]
#14 3.482 Get:3 https://developer.download.nvidia.com/compute/cuda/repos/ubuntu2204/x86_64  InRelease [1578 B]
#14 3.510 Get:4 http://archive.ubuntu.com/ubuntu jammy-updates InRelease [128 kB]
#14 3.649 Get:5 http://archive.ubuntu.com/ubuntu jammy-backports InRelease [127 kB]
#14 3.829 Get:6 http://security.ubuntu.com/ubuntu jammy-security/universe amd64 Packages [1321 kB]
#14 4.313 Get:7 http://archive.ubuntu.com/ubuntu jammy/main amd64 Packages [1792 kB]
#14 5.025 Get:8 https://developer.download.nvidia.com/compute/cuda/repos/ubuntu2204/x86_64  Packages [3045 kB]
#14 5.608 Get:9 http://security.ubuntu.com/ubuntu jammy-security/multiverse amd64 Packages [84.6 kB]
#14 5.725 Get:10 http://security.ubuntu.com/ubuntu jammy-security/main amd64 Packages [4376 kB]
#14 6.086 Get:11 http://archive.ubuntu.com/ubuntu jammy/restricted amd64 Packages [164 kB]
#14 6.195 Get:12 http://archive.ubuntu.com/ubuntu jammy/universe amd64 Packages [17.5 MB]
#14 ...

#15 [phase1-backbone-gen 3/6] RUN apt-get update && apt-get install -y     wget curl git python3.10 python3-pip     build-essential libopenmpi-dev openmpi-bin     && rm -rf /var/lib/apt/lists/*
#15 2.902 Get:1 http://archive.ubuntu.com/ubuntu jammy InRelease [270 kB]
#15 2.903 Get:2 http://security.ubuntu.com/ubuntu jammy-security InRelease [129 kB]
#15 3.541 Get:3 http://archive.ubuntu.com/ubuntu jammy-updates InRelease [128 kB]
#15 3.645 Get:4 http://archive.ubuntu.com/ubuntu jammy-backports InRelease [127 kB]
#15 3.717 Get:5 http://security.ubuntu.com/ubuntu jammy-security/multiverse amd64 Packages [84.6 kB]
#15 3.871 Get:6 http://security.ubuntu.com/ubuntu jammy-security/universe amd64 Packages [1321 kB]
#15 4.064 Get:7 https://developer.download.nvidia.com/compute/cuda/repos/ubuntu2204/x86_64  InRelease [1578 B]
#15 4.193 Get:8 http://archive.ubuntu.com/ubuntu jammy/multiverse amd64 Packages [266 kB]
#15 5.211 Get:9 http://archive.ubuntu.com/ubuntu jammy/restricted amd64 Packages [164 kB]
#15 5.301 Get:10 http://archive.ubuntu.com/ubuntu jammy/main amd64 Packages [1792 kB]
#15 5.432 Get:11 https://developer.download.nvidia.com/compute/cuda/repos/ubuntu2204/x86_64  Packages [3045 kB]
#15 5.506 Get:12 http://security.ubuntu.com/ubuntu jammy-security/main amd64 Packages [4376 kB]
#15 6.297 Get:13 http://archive.ubuntu.com/ubuntu jammy/universe amd64 Packages [17.5 MB]
#15 8.309 Get:14 http://security.ubuntu.com/ubuntu jammy-security/restricted amd64 Packages [7843 kB]
#15 ...

#14 [phase3b-complex 3/9] RUN apt-get update && apt-get install -y     wget curl git python3.10 python3-pip     build-essential openmpi-bin libopenmpi-dev     && rm -rf /var/lib/apt/lists/*
#14 8.741 Get:13 http://security.ubuntu.com/ubuntu jammy-security/restricted amd64 Packages [7843 kB]
#14 ...

#16 [phase2-seq-design 3/6] RUN apt-get update && apt-get install -y     wget curl git python3.10 python3-pip     build-essential     && rm -rf /var/lib/apt/lists/*
#16 2.887 Get:1 http://archive.ubuntu.com/ubuntu jammy InRelease [270 kB]
#16 2.895 Get:2 http://security.ubuntu.com/ubuntu jammy-security InRelease [129 kB]
#16 3.478 Get:3 http://archive.ubuntu.com/ubuntu jammy-updates InRelease [128 kB]
#16 3.621 Get:4 http://archive.ubuntu.com/ubuntu jammy-backports InRelease [127 kB]
#16 3.713 Get:5 http://security.ubuntu.com/ubuntu jammy-security/restricted amd64 Packages [7843 kB]
#16 4.053 Get:6 https://developer.download.nvidia.com/compute/cuda/repos/ubuntu2204/x86_64  InRelease [1578 B]
#16 4.167 Get:7 http://archive.ubuntu.com/ubuntu jammy/universe amd64 Packages [17.5 MB]
#16 5.418 Get:8 https://developer.download.nvidia.com/compute/cuda/repos/ubuntu2204/x86_64  Packages [3045 kB]
#16 9.443 Get:9 http://security.ubuntu.com/ubuntu jammy-security/main amd64 Packages [4376 kB]
#16 12.05 Get:10 http://security.ubuntu.com/ubuntu jammy-security/multiverse amd64 Packages [84.6 kB]
#16 12.23 Get:11 http://security.ubuntu.com/ubuntu jammy-security/universe amd64 Packages [1321 kB]
#16 14.14 Get:12 http://archive.ubuntu.com/ubuntu jammy/restricted amd64 Packages [164 kB]
#16 14.18 Get:13 http://archive.ubuntu.com/ubuntu jammy/main amd64 Packages [1792 kB]
#16 ...

#15 [phase1-backbone-gen 3/6] RUN apt-get update && apt-get install -y     wget curl git python3.10 python3-pip     build-essential libopenmpi-dev openmpi-bin     && rm -rf /var/lib/apt/lists/*
#15 14.23 Get:15 http://archive.ubuntu.com/ubuntu jammy-updates/multiverse amd64 Packages [93.2 kB]
#15 14.26 Get:16 http://archive.ubuntu.com/ubuntu jammy-updates/main amd64 Packages [4747 kB]
#15 15.68 Get:17 http://archive.ubuntu.com/ubuntu jammy-updates/restricted amd64 Packages [8198 kB]
#15 17.59 Get:18 http://archive.ubuntu.com/ubuntu jammy-updates/universe amd64 Packages [1623 kB]
#15 18.12 Get:19 http://archive.ubuntu.com/ubuntu jammy-backports/main amd64 Packages [82.9 kB]
#15 18.14 Get:20 http://archive.ubuntu.com/ubuntu jammy-backports/universe amd64 Packages [35.6 kB]
#15 19.30 Fetched 51.8 MB in 17s (3108 kB/s)
#15 19.30 Reading package lists...
#15 ...

#16 [phase2-seq-design 3/6] RUN apt-get update && apt-get install -y     wget curl git python3.10 python3-pip     build-essential     && rm -rf /var/lib/apt/lists/*
#16 14.65 Get:14 http://archive.ubuntu.com/ubuntu jammy/multiverse amd64 Packages [266 kB]
#16 14.75 Get:15 http://archive.ubuntu.com/ubuntu jammy-updates/universe amd64 Packages [1623 kB]
#16 15.39 Get:16 http://archive.ubuntu.com/ubuntu jammy-updates/main amd64 Packages [4747 kB]
#16 16.50 Get:17 http://archive.ubuntu.com/ubuntu jammy-updates/restricted amd64 Packages [8198 kB]
#16 18.39 Get:18 http://archive.ubuntu.com/ubuntu jammy-updates/multiverse amd64 Packages [93.2 kB]
#16 18.40 Get:19 http://archive.ubuntu.com/ubuntu jammy-backports/main amd64 Packages [82.9 kB]
#16 18.41 Get:20 http://archive.ubuntu.com/ubuntu jammy-backports/universe amd64 Packages [35.6 kB]
#16 19.27 Fetched 51.8 MB in 17s (3121 kB/s)
#16 19.27 Reading package lists...
#16 ...

#14 [phase3b-complex 3/9] RUN apt-get update && apt-get install -y     wget curl git python3.10 python3-pip     build-essential openmpi-bin libopenmpi-dev     && rm -rf /var/lib/apt/lists/*
#14 14.46 Get:14 http://archive.ubuntu.com/ubuntu jammy/multiverse amd64 Packages [266 kB]
#14 14.49 Get:15 http://archive.ubuntu.com/ubuntu jammy-updates/universe amd64 Packages [1623 kB]
#14 14.96 Get:16 http://archive.ubuntu.com/ubuntu jammy-updates/restricted amd64 Packages [8198 kB]
#14 17.17 Get:17 http://archive.ubuntu.com/ubuntu jammy-updates/multiverse amd64 Packages [93.2 kB]
#14 17.45 Get:18 http://archive.ubuntu.com/ubuntu jammy-updates/main amd64 Packages [4747 kB]
#14 18.59 Get:19 http://archive.ubuntu.com/ubuntu jammy-backports/main amd64 Packages [82.9 kB]
#14 18.68 Get:20 http://archive.ubuntu.com/ubuntu jammy-backports/universe amd64 Packages [35.6 kB]
#14 19.35 Fetched 51.8 MB in 17s (3112 kB/s)
#14 19.35 Reading package lists...
#14 ...

#15 [phase1-backbone-gen 3/6] RUN apt-get update && apt-get install -y     wget curl git python3.10 python3-pip     build-essential libopenmpi-dev openmpi-bin     && rm -rf /var/lib/apt/lists/*
#15 19.30 Reading package lists...
#15 26.89 Reading package lists...
#15 ...

#16 [phase2-seq-design 3/6] RUN apt-get update && apt-get install -y     wget curl git python3.10 python3-pip     build-essential     && rm -rf /var/lib/apt/lists/*
#16 19.27 Reading package lists...
#16 26.89 Reading package lists...
#16 31.81 Building dependency tree...
#16 32.14 Reading state information...
#16 ...

#15 [phase1-backbone-gen 3/6] RUN apt-get update && apt-get install -y     wget curl git python3.10 python3-pip     build-essential libopenmpi-dev openmpi-bin     && rm -rf /var/lib/apt/lists/*
#15 26.89 Reading package lists...
#15 33.02 Building dependency tree...
#15 33.41 Reading state information...
#15 34.48 build-essential is already the newest version (12.9ubuntu3).
#15 34.48 build-essential set to manually installed.
#15 34.48 The following additional packages will be installed:
#15 34.48   autoconf automake autotools-dev cpp-11 file g++-11 gcc-11 gcc-11-base
#15 34.48   gcc-12-base gfortran gfortran-11 git-man ibverbs-providers javascript-common
#15 34.48   less libasan6 libatomic1 libbrotli1 libbsd0 libcaf-openmpi-3 libcbor0.8
#15 34.48   libcc1-0 libcoarrays-dev libcoarrays-openmpi-dev libcurl3-gnutls libcurl4
#15 34.48   libedit2 liberror-perl libevent-2.1-7 libevent-core-2.1-7 libevent-dev
#15 34.48   libevent-extra-2.1-7 libevent-openssl-2.1-7 libevent-pthreads-2.1-7
#15 34.48   libexpat1 libexpat1-dev libfabric1 libfido2-1 libgcc-11-dev libgcc-s1
#15 34.48   libgfortran-11-dev libgfortran5 libgomp1 libhwloc-dev libhwloc-plugins
#15 34.48   libhwloc15 libibverbs-dev libibverbs1 libicu70 libitm1 libjs-jquery
#15 34.48   libjs-jquery-ui libjs-sphinxdoc libjs-underscore liblsan0 libltdl-dev
#15 34.48   libltdl7 libmagic-mgc libmagic1 libmd0 libmpdec3 libnghttp2-14 libnl-3-200
#15 34.48   libnl-3-dev libnl-route-3-200 libnl-route-3-dev libnuma-dev libnuma1
#15 34.48   libopenmpi3 libpciaccess0 libpmix-dev libpmix2 libpsl5 libpsm-infinipath1
#15 34.48   libpsm2-2 libpython3-dev libpython3-stdlib libpython3.10 libpython3.10-dev
#15 34.48   libpython3.10-minimal libpython3.10-stdlib libquadmath0 librdmacm1 librtmp1
#15 34.48   libsigsegv2 libssh-4 libstdc++-11-dev libstdc++6 libtool libtsan0 libubsan1
#15 34.48   libucx0 libx11-6 libx11-data libxau6 libxcb1 libxdmcp6 libxext6 libxml2
#15 34.48   libxmuu1 libxnvctrl0 m4 media-types ocl-icd-libopencl1 openmpi-common
#15 34.48   openssh-client publicsuffix python3 python3-dev python3-distutils
#15 34.48   python3-lib2to3 python3-minimal python3-pkg-resources python3-setuptools
#15 34.49   python3-wheel python3.10-dev python3.10-minimal xauth zlib1g-dev
#15 34.49 Suggested packages:
#15 34.49   autoconf-archive gnu-standards autoconf-doc gettext gcc-11-locales
#15 34.49   g++-11-multilib gcc-11-doc gcc-11-multilib gfortran-multilib gfortran-doc
#15 34.49   gfortran-11-multilib gfortran-11-doc gettext-base git-daemon-run
#15 34.49   | git-daemon-sysvinit git-doc git-email git-gui gitk gitweb git-cvs
#15 34.49   git-mediawiki git-svn apache2 | lighttpd | httpd libhwloc-contrib-plugins
#15 34.49   libjs-jquery-ui-docs libtool-doc openmpi-doc pciutils libstdc++-11-doc
#15 34.49   gcj-jdk m4-doc opencl-icd keychain libpam-ssh monkeysphere ssh-askpass
#15 34.49   python3-doc python3-tk python3-venv python-setuptools-doc python3.10-venv
#15 34.49   python3.10-doc binfmt-support
#15 ...

#14 [phase3b-complex 3/9] RUN apt-get update && apt-get install -y     wget curl git python3.10 python3-pip     build-essential openmpi-bin libopenmpi-dev     && rm -rf /var/lib/apt/lists/*
#14 19.35 Reading package lists...
#14 26.89 Reading package lists...
#14 33.17 Building dependency tree...
#14 33.52 Reading state information...
#14 34.02 build-essential is already the newest version (12.9ubuntu3).
#14 34.02 build-essential set to manually installed.
#14 34.02 The following additional packages will be installed:
#14 34.02   autoconf automake autotools-dev cpp-11 file g++-11 gcc-11 gcc-11-base
#14 34.02   gcc-12-base gfortran gfortran-11 git-man ibverbs-providers javascript-common
#14 34.02   less libasan6 libatomic1 libbrotli1 libbsd0 libcaf-openmpi-3 libcbor0.8
#14 34.02   libcc1-0 libcoarrays-dev libcoarrays-openmpi-dev libcurl3-gnutls libcurl4
#14 34.02   libedit2 liberror-perl libevent-2.1-7 libevent-core-2.1-7 libevent-dev
#14 34.02   libevent-extra-2.1-7 libevent-openssl-2.1-7 libevent-pthreads-2.1-7
#14 34.02   libexpat1 libexpat1-dev libfabric1 libfido2-1 libgcc-11-dev libgcc-s1
#14 34.02   libgfortran-11-dev libgfortran5 libgomp1 libhwloc-dev libhwloc-plugins
#14 34.02   libhwloc15 libibverbs-dev libibverbs1 libicu70 libitm1 libjs-jquery
#14 34.02   libjs-jquery-ui libjs-sphinxdoc libjs-underscore liblsan0 libltdl-dev
#14 34.02   libltdl7 libmagic-mgc libmagic1 libmd0 libmpdec3 libnghttp2-14 libnl-3-200
#14 34.02   libnl-3-dev libnl-route-3-200 libnl-route-3-dev libnuma-dev libnuma1
#14 34.02   libopenmpi3 libpciaccess0 libpmix-dev libpmix2 libpsl5 libpsm-infinipath1
#14 34.02   libpsm2-2 libpython3-dev libpython3-stdlib libpython3.10 libpython3.10-dev
#14 34.02   libpython3.10-minimal libpython3.10-stdlib libquadmath0 librdmacm1 librtmp1
#14 34.02   libsigsegv2 libssh-4 libstdc++-11-dev libstdc++6 libtool libtsan0 libubsan1
#14 34.02   libucx0 libx11-6 libx11-data libxau6 libxcb1 libxdmcp6 libxext6 libxml2
#14 34.02   libxmuu1 libxnvctrl0 m4 media-types ocl-icd-libopencl1 openmpi-common
#14 34.02   openssh-client publicsuffix python3 python3-dev python3-distutils
#14 34.02   python3-lib2to3 python3-minimal python3-pkg-resources python3-setuptools
#14 34.02   python3-wheel python3.10-dev python3.10-minimal xauth zlib1g-dev
#14 34.02 Suggested packages:
#14 34.02   autoconf-archive gnu-standards autoconf-doc gettext gcc-11-locales
#14 34.02   g++-11-multilib gcc-11-doc gcc-11-multilib gfortran-multilib gfortran-doc
#14 34.02   gfortran-11-multilib gfortran-11-doc gettext-base git-daemon-run
#14 34.02   | git-daemon-sysvinit git-doc git-email git-gui gitk gitweb git-cvs
#14 34.02   git-mediawiki git-svn apache2 | lighttpd | httpd libhwloc-contrib-plugins
#14 34.02   libjs-jquery-ui-docs libtool-doc openmpi-doc pciutils libstdc++-11-doc
#14 34.02   gcj-jdk m4-doc opencl-icd keychain libpam-ssh monkeysphere ssh-askpass
#14 34.02   python3-doc python3-tk python3-venv python-setuptools-doc python3.10-venv
#14 34.02   python3.10-doc binfmt-support
#14 ...

#16 [phase2-seq-design 3/6] RUN apt-get update && apt-get install -y     wget curl git python3.10 python3-pip     build-essential     && rm -rf /var/lib/apt/lists/*
#16 32.97 build-essential is already the newest version (12.9ubuntu3).
#16 32.97 build-essential set to manually installed.
#16 32.97 The following additional packages will be installed:
#16 32.97   git-man javascript-common less libbrotli1 libbsd0 libcbor0.8 libcurl3-gnutls
#16 32.97   libcurl4 libedit2 liberror-perl libexpat1 libexpat1-dev libfido2-1
#16 32.97   libjs-jquery libjs-sphinxdoc libjs-underscore libmd0 libmpdec3 libnghttp2-14
#16 32.97   libpsl5 libpython3-dev libpython3-stdlib libpython3.10 libpython3.10-dev
#16 32.97   libpython3.10-minimal libpython3.10-stdlib librtmp1 libssh-4 libx11-6
#16 32.97   libx11-data libxau6 libxcb1 libxdmcp6 libxext6 libxmuu1 media-types
#16 32.97   openssh-client publicsuffix python3 python3-dev python3-distutils
#16 32.97   python3-lib2to3 python3-minimal python3-pkg-resources python3-setuptools
#16 32.97   python3-wheel python3.10-dev python3.10-minimal xauth zlib1g-dev
#16 32.97 Suggested packages:
#16 32.97   gettext-base git-daemon-run | git-daemon-sysvinit git-doc git-email git-gui
#16 32.97   gitk gitweb git-cvs git-mediawiki git-svn apache2 | lighttpd | httpd
#16 32.97   keychain libpam-ssh monkeysphere ssh-askpass python3-doc python3-tk
#16 32.97   python3-venv python-setuptools-doc python3.10-venv python3.10-doc
#16 32.97   binfmt-support
#16 33.91 The following NEW packages will be installed:
#16 33.91   curl git git-man javascript-common less libbrotli1 libbsd0 libcbor0.8
#16 33.91   libcurl3-gnutls libcurl4 libedit2 liberror-perl libexpat1 libexpat1-dev
#16 33.91   libfido2-1 libjs-jquery libjs-sphinxdoc libjs-underscore libmd0 libmpdec3
#16 33.91   libnghttp2-14 libpsl5 libpython3-dev libpython3-stdlib libpython3.10
#16 33.91   libpython3.10-dev libpython3.10-minimal libpython3.10-stdlib librtmp1
#16 33.91   libssh-4 libx11-6 libx11-data libxau6 libxcb1 libxdmcp6 libxext6 libxmuu1
#16 33.91   media-types openssh-client publicsuffix python3 python3-dev
#16 33.91   python3-distutils python3-lib2to3 python3-minimal python3-pip
#16 33.91   python3-pkg-resources python3-setuptools python3-wheel python3.10
#16 33.91   python3.10-dev python3.10-minimal wget xauth zlib1g-dev
#16 35.31 0 upgraded, 55 newly installed, 0 to remove and 112 not upgraded.
#16 35.31 Need to get 24.2 MB of archives.
#16 35.31 After this operation, 96.4 MB of additional disk space will be used.
#16 35.31 Get:1 http://archive.ubuntu.com/ubuntu jammy-updates/main amd64 libpython3.10-minimal amd64 3.10.12-1~22.04.18 [817 kB]
#16 35.97 Get:2 http://archive.ubuntu.com/ubuntu jammy-updates/main amd64 libexpat1 amd64 2.4.7-1ubuntu0.9 [96.9 kB]
#16 35.98 Get:3 http://archive.ubuntu.com/ubuntu jammy-updates/main amd64 python3.10-minimal amd64 3.10.12-1~22.04.18 [2277 kB]
#16 36.25 Get:4 http://archive.ubuntu.com/ubuntu jammy-updates/main amd64 python3-minimal amd64 3.10.6-1~22.04.1 [24.3 kB]
#16 36.27 Get:5 http://archive.ubuntu.com/ubuntu jammy/main amd64 media-types all 7.0.0 [25.5 kB]
#16 36.27 Get:6 http://archive.ubuntu.com/ubuntu jammy/main amd64 libmpdec3 amd64 2.5.1-2build2 [86.8 kB]
#16 36.27 Get:7 http://archive.ubuntu.com/ubuntu jammy-updates/main amd64 libpython3.10-stdlib amd64 3.10.12-1~22.04.18 [1850 kB]
#16 36.49 Get:8 http://archive.ubuntu.com/ubuntu jammy-updates/main amd64 python3.10 amd64 3.10.12-1~22.04.18 [508 kB]
#16 36.54 Get:9 http://archive.ubuntu.com/ubuntu jammy-updates/main amd64 libpython3-stdlib amd64 3.10.6-1~22.04.1 [6812 B]
#16 36.54 Get:10 http://archive.ubuntu.com/ubuntu jammy-updates/main amd64 python3 amd64 3.10.6-1~22.04.1 [22.8 kB]
#16 36.55 Get:11 http://archive.ubuntu.com/ubuntu jammy-updates/main amd64 less amd64 590-1ubuntu0.22.04.3 [142 kB]
#16 36.56 Get:12 http://archive.ubuntu.com/ubuntu jammy/main amd64 libmd0 amd64 1.0.4-1build1 [23.0 kB]
#16 36.57 Get:13 http://archive.ubuntu.com/ubuntu jammy/main amd64 libbsd0 amd64 0.11.5-1 [44.8 kB]
#16 36.57 Get:14 http://archive.ubuntu.com/ubuntu jammy-updates/main amd64 python3-pkg-resources all 59.6.0-1.2ubuntu0.22.04.3 [133 kB]
#16 36.58 Get:15 http://archive.ubuntu.com/ubuntu jammy/main amd64 libcbor0.8 amd64 0.8.0-2ubuntu1 [24.6 kB]
#16 36.59 Get:16 http://archive.ubuntu.com/ubuntu jammy/main amd64 libedit2 amd64 3.1-20210910-1build1 [96.8 kB]
#16 36.60 Get:17 http://archive.ubuntu.com/ubuntu jammy/main amd64 libfido2-1 amd64 1.10.0-1 [82.8 kB]
#16 36.64 Get:18 http://archive.ubuntu.com/ubuntu jammy-updates/main amd64 libnghttp2-14 amd64 1.43.0-1ubuntu0.4 [76.9 kB]
#16 36.65 Get:19 http://archive.ubuntu.com/ubuntu jammy/main amd64 libpsl5 amd64 0.21.0-1.2build2 [58.4 kB]
#16 36.66 Get:20 http://archive.ubuntu.com/ubuntu jammy/main amd64 libxau6 amd64 1:1.0.9-1build5 [7634 B]
#16 36.66 Get:21 http://archive.ubuntu.com/ubuntu jammy/main amd64 libxdmcp6 amd64 1:1.1.3-0ubuntu5 [10.9 kB]
#16 36.67 Get:22 http://archive.ubuntu.com/ubuntu jammy/main amd64 libxcb1 amd64 1.14-3ubuntu3 [49.0 kB]
#16 36.67 Get:23 http://archive.ubuntu.com/ubuntu jammy-updates/main amd64 libx11-data all 2:1.7.5-1ubuntu0.3 [120 kB]
#16 36.69 Get:24 http://archive.ubuntu.com/ubuntu jammy-updates/main amd64 libx11-6 amd64 2:1.7.5-1ubuntu0.3 [667 kB]
#16 36.76 Get:25 http://archive.ubuntu.com/ubuntu jammy/main amd64 libxext6 amd64 2:1.3.4-1build1 [31.8 kB]
#16 36.77 Get:26 http://archive.ubuntu.com/ubuntu jammy/main amd64 libxmuu1 amd64 2:1.1.3-3 [10.2 kB]
#16 36.77 Get:27 http://archive.ubuntu.com/ubuntu jammy-updates/main amd64 openssh-client amd64 1:8.9p1-3ubuntu0.17 [905 kB]
#16 36.84 Get:28 http://archive.ubuntu.com/ubuntu jammy/main amd64 publicsuffix all 20211207.1025-1 [129 kB]
#16 36.85 Get:29 http://archive.ubuntu.com/ubuntu jammy-updates/main amd64 wget amd64 1.21.2-2ubuntu1.5 [339 kB]
#16 36.90 Get:30 http://archive.ubuntu.com/ubuntu jammy/main amd64 xauth amd64 1:1.1-1build2 [27.5 kB]
#16 36.91 Get:31 http://archive.ubuntu.com/ubuntu jammy/main amd64 libbrotli1 amd64 1.0.9-2build6 [315 kB]
#16 36.95 Get:32 http://archive.ubuntu.com/ubuntu jammy/main amd64 librtmp1 amd64 2.4+20151223.gitfa8646d.1-2build4 [58.2 kB]
#16 36.96 Get:33 http://archive.ubuntu.com/ubuntu jammy-updates/main amd64 libssh-4 amd64 0.9.6-2ubuntu0.22.04.8 [189 kB]
#16 36.98 Get:34 http://archive.ubuntu.com/ubuntu jammy-updates/main amd64 libcurl4 amd64 7.81.0-1ubuntu1.29 [292 kB]
#16 37.02 Get:35 http://archive.ubuntu.com/ubuntu jammy-updates/main amd64 curl amd64 7.81.0-1ubuntu1.29 [194 kB]
#16 37.04 Get:36 http://archive.ubuntu.com/ubuntu jammy-updates/main amd64 libcurl3-gnutls amd64 7.81.0-1ubuntu1.29 [286 kB]
#16 37.08 Get:37 http://archive.ubuntu.com/ubuntu jammy/main amd64 liberror-perl all 0.17029-1 [26.5 kB]
#16 37.08 Get:38 http://archive.ubuntu.com/ubuntu jammy-updates/main amd64 git-man all 1:2.34.1-1ubuntu1.17 [954 kB]
#16 37.18 Get:39 http://archive.ubuntu.com/ubuntu jammy-updates/main amd64 git amd64 1:2.34.1-1ubuntu1.17 [3174 kB]
#16 37.56 Get:40 http://archive.ubuntu.com/ubuntu jammy/main amd64 javascript-common all 11+nmu1 [5936 B]
#16 37.56 Get:41 http://archive.ubuntu.com/ubuntu jammy-updates/main amd64 libexpat1-dev amd64 2.4.7-1ubuntu0.9 [151 kB]
#16 37.59 Get:42 http://archive.ubuntu.com/ubuntu jammy/main amd64 libjs-jquery all 3.6.0+dfsg+~3.5.13-1 [321 kB]
#16 37.64 Get:43 http://archive.ubuntu.com/ubuntu jammy/main amd64 libjs-underscore all 1.13.2~dfsg-2 [118 kB]
#16 37.65 Get:44 http://archive.ubuntu.com/ubuntu jammy/main amd64 libjs-sphinxdoc all 4.3.2-1 [139 kB]
#16 37.69 Get:45 http://archive.ubuntu.com/ubuntu jammy-updates/main amd64 libpython3.10 amd64 3.10.12-1~22.04.18 [1950 kB]
#16 38.36 Get:46 http://archive.ubuntu.com/ubuntu jammy-updates/main amd64 zlib1g-dev amd64 1:1.2.11.dfsg-2ubuntu9.2 [164 kB]
#16 38.41 Get:47 http://archive.ubuntu.com/ubuntu jammy-updates/main amd64 libpython3.10-dev amd64 3.10.12-1~22.04.18 [4765 kB]
#16 39.50 Get:48 http://archive.ubuntu.com/ubuntu jammy-updates/main amd64 libpython3-dev amd64 3.10.6-1~22.04.1 [7064 B]
#16 39.50 Get:49 http://archive.ubuntu.com/ubuntu jammy-updates/main amd64 python3.10-dev amd64 3.10.12-1~22.04.18 [508 kB]
#16 39.72 Get:50 http://archive.ubuntu.com/ubuntu jammy-updates/main amd64 python3-lib2to3 all 3.10.8-1~22.04 [77.6 kB]
#16 39.73 Get:51 http://archive.ubuntu.com/ubuntu jammy-updates/main amd64 python3-distutils all 3.10.8-1~22.04 [139 kB]
#16 39.78 Get:52 http://archive.ubuntu.com/ubuntu jammy-updates/main amd64 python3-dev amd64 3.10.6-1~22.04.1 [26.0 kB]
#16 39.79 Get:53 http://archive.ubuntu.com/ubuntu jammy-updates/main amd64 python3-setuptools all 59.6.0-1.2ubuntu0.22.04.3 [340 kB]
#16 39.89 Get:54 http://archive.ubuntu.com/ubuntu jammy-updates/universe amd64 python3-wheel all 0.37.1-2ubuntu0.22.04.1 [32.0 kB]
#16 39.90 Get:55 http://archive.ubuntu.com/ubuntu jammy-updates/universe amd64 python3-pip all 22.0.2+dfsg-1ubuntu0.7 [1306 kB]
#16 ...

#15 [phase1-backbone-gen 3/6] RUN apt-get update && apt-get install -y     wget curl git python3.10 python3-pip     build-essential libopenmpi-dev openmpi-bin     && rm -rf /var/lib/apt/lists/*
#15 36.44 The following NEW packages will be installed:
#15 36.44   autoconf automake autotools-dev curl file gfortran gfortran-11 git git-man
#15 36.44   ibverbs-providers javascript-common less libbrotli1 libbsd0 libcaf-openmpi-3
#15 36.44   libcbor0.8 libcoarrays-dev libcoarrays-openmpi-dev libcurl3-gnutls libcurl4
#15 36.44   libedit2 liberror-perl libevent-2.1-7 libevent-core-2.1-7 libevent-dev
#15 36.44   libevent-extra-2.1-7 libevent-openssl-2.1-7 libevent-pthreads-2.1-7
#15 36.44   libexpat1 libexpat1-dev libfabric1 libfido2-1 libgfortran-11-dev
#15 36.44   libgfortran5 libhwloc-dev libhwloc-plugins libhwloc15 libibverbs-dev
#15 36.44   libibverbs1 libicu70 libjs-jquery libjs-jquery-ui libjs-sphinxdoc
#15 36.44   libjs-underscore libltdl-dev libltdl7 libmagic-mgc libmagic1 libmd0
#15 36.44   libmpdec3 libnghttp2-14 libnl-3-200 libnl-3-dev libnl-route-3-200
#15 36.44   libnl-route-3-dev libnuma-dev libnuma1 libopenmpi-dev libopenmpi3
#15 36.44   libpciaccess0 libpmix-dev libpmix2 libpsl5 libpsm-infinipath1 libpsm2-2
#15 36.44   libpython3-dev libpython3-stdlib libpython3.10 libpython3.10-dev
#15 36.45   libpython3.10-minimal libpython3.10-stdlib librdmacm1 librtmp1 libsigsegv2
#15 36.45   libssh-4 libtool libucx0 libx11-6 libx11-data libxau6 libxcb1 libxdmcp6
#15 36.45   libxext6 libxml2 libxmuu1 libxnvctrl0 m4 media-types ocl-icd-libopencl1
#15 36.45   openmpi-bin openmpi-common openssh-client publicsuffix python3 python3-dev
#15 36.45   python3-distutils python3-lib2to3 python3-minimal python3-pip
#15 36.45   python3-pkg-resources python3-setuptools python3-wheel python3.10
#15 36.45   python3.10-dev python3.10-minimal wget xauth zlib1g-dev
#15 36.45 The following packages will be upgraded:
#15 36.45   cpp-11 g++-11 gcc-11 gcc-11-base gcc-12-base libasan6 libatomic1 libcc1-0
#15 36.45   libgcc-11-dev libgcc-s1 libgomp1 libitm1 liblsan0 libquadmath0
#15 36.45   libstdc++-11-dev libstdc++6 libtsan0 libubsan1
#15 36.81 18 upgraded, 108 newly installed, 0 to remove and 94 not upgraded.
#15 36.81 Need to get 115 MB of archives.
#15 36.81 After this operation, 241 MB of additional disk space will be used.
#15 36.81 Get:1 http://archive.ubuntu.com/ubuntu jammy-updates/main amd64 libpython3.10-minimal amd64 3.10.12-1~22.04.18 [817 kB]
#15 37.53 Get:2 http://archive.ubuntu.com/ubuntu jammy-updates/main amd64 libexpat1 amd64 2.4.7-1ubuntu0.9 [96.9 kB]
#15 37.58 Get:3 http://archive.ubuntu.com/ubuntu jammy-updates/main amd64 python3.10-minimal amd64 3.10.12-1~22.04.18 [2277 kB]
#15 38.22 Get:4 https://developer.download.nvidia.com/compute/cuda/repos/ubuntu2204/x86_64  libxnvctrl0 615.71.09-2ubuntu1 [11.2 kB]
#15 38.33 Get:5 http://archive.ubuntu.com/ubuntu jammy-updates/main amd64 python3-minimal amd64 3.10.6-1~22.04.1 [24.3 kB]
#15 38.33 Get:6 http://archive.ubuntu.com/ubuntu jammy/main amd64 media-types all 7.0.0 [25.5 kB]
#15 38.33 Get:7 http://archive.ubuntu.com/ubuntu jammy-updates/main amd64 libatomic1 amd64 12.3.0-1ubuntu1~22.04.3 [10.5 kB]
#15 38.34 Get:8 http://archive.ubuntu.com/ubuntu jammy-updates/main amd64 libubsan1 amd64 12.3.0-1ubuntu1~22.04.3 [976 kB]
#15 38.57 Get:9 http://archive.ubuntu.com/ubuntu jammy-updates/main amd64 libquadmath0 amd64 12.3.0-1ubuntu1~22.04.3 [154 kB]
#15 38.61 Get:10 http://archive.ubuntu.com/ubuntu jammy-updates/main amd64 liblsan0 amd64 12.3.0-1ubuntu1~22.04.3 [1069 kB]
#15 38.92 Get:11 http://archive.ubuntu.com/ubuntu jammy-updates/main amd64 libitm1 amd64 12.3.0-1ubuntu1~22.04.3 [30.2 kB]
#15 38.93 Get:12 http://archive.ubuntu.com/ubuntu jammy-updates/main amd64 libgomp1 amd64 12.3.0-1ubuntu1~22.04.3 [127 kB]
#15 38.97 Get:13 http://archive.ubuntu.com/ubuntu jammy-updates/main amd64 gcc-12-base amd64 12.3.0-1ubuntu1~22.04.3 [216 kB]
#15 39.02 Get:14 http://archive.ubuntu.com/ubuntu jammy-updates/main amd64 libgcc-s1 amd64 12.3.0-1ubuntu1~22.04.3 [53.9 kB]
#15 39.04 Get:15 http://archive.ubuntu.com/ubuntu jammy-updates/main amd64 libcc1-0 amd64 12.3.0-1ubuntu1~22.04.3 [48.3 kB]
#15 39.05 Get:16 http://archive.ubuntu.com/ubuntu jammy-updates/main amd64 libstdc++6 amd64 12.3.0-1ubuntu1~22.04.3 [699 kB]
#15 39.23 Get:17 http://archive.ubuntu.com/ubuntu jammy/main amd64 libmpdec3 amd64 2.5.1-2build2 [86.8 kB]
#15 39.24 Get:18 http://archive.ubuntu.com/ubuntu jammy-updates/main amd64 libpython3.10-stdlib amd64 3.10.12-1~22.04.18 [1850 kB]
#15 39.86 Get:19 http://archive.ubuntu.com/ubuntu jammy-updates/main amd64 python3.10 amd64 3.10.12-1~22.04.18 [508 kB]
#15 39.98 Get:20 http://archive.ubuntu.com/ubuntu jammy-updates/main amd64 libpython3-stdlib amd64 3.10.6-1~22.04.1 [6812 B]
#15 39.99 Get:21 http://archive.ubuntu.com/ubuntu jammy-updates/main amd64 python3 amd64 3.10.6-1~22.04.1 [22.8 kB]
#15 40.00 Get:22 http://archive.ubuntu.com/ubuntu jammy-updates/main amd64 less amd64 590-1ubuntu0.22.04.3 [142 kB]
#15 40.04 Get:23 http://archive.ubuntu.com/ubuntu jammy/main amd64 libmd0 amd64 1.0.4-1build1 [23.0 kB]
#15 40.04 Get:24 http://archive.ubuntu.com/ubuntu jammy/main amd64 libbsd0 amd64 0.11.5-1 [44.8 kB]
#15 40.06 Get:25 http://archive.ubuntu.com/ubuntu jammy/main amd64 libicu70 amd64 70.1-2 [10.6 MB]
#15 42.35 Get:26 http://archive.ubuntu.com/ubuntu jammy-updates/main amd64 libxml2 amd64 2.9.13+dfsg-1ubuntu0.13 [764 kB]
#15 42.47 Get:27 http://archive.ubuntu.com/ubuntu jammy-updates/main amd64 python3-pkg-resources all 59.6.0-1.2ubuntu0.22.04.3 [133 kB]
#15 42.49 Get:28 http://archive.ubuntu.com/ubuntu jammy-updates/main amd64 libmagic-mgc amd64 1:5.41-3ubuntu0.1 [257 kB]
#15 42.53 Get:29 http://archive.ubuntu.com/ubuntu jammy-updates/main amd64 libmagic1 amd64 1:5.41-3ubuntu0.1 [87.2 kB]
#15 42.54 Get:30 http://archive.ubuntu.com/ubuntu jammy-updates/main amd64 file amd64 1:5.41-3ubuntu0.1 [21.5 kB]
#15 42.55 Get:31 http://archive.ubuntu.com/ubuntu jammy/main amd64 libcbor0.8 amd64 0.8.0-2ubuntu1 [24.6 kB]
#15 42.55 Get:32 http://archive.ubuntu.com/ubuntu jammy/main amd64 libedit2 amd64 3.1-20210910-1build1 [96.8 kB]
#15 42.56 Get:33 http://archive.ubuntu.com/ubuntu jammy/main amd64 libfido2-1 amd64 1.10.0-1 [82.8 kB]
#15 42.58 Get:34 http://archive.ubuntu.com/ubuntu jammy-updates/main amd64 libnghttp2-14 amd64 1.43.0-1ubuntu0.4 [76.9 kB]
#15 42.59 Get:35 http://archive.ubuntu.com/ubuntu jammy/main amd64 libnuma1 amd64 2.0.14-3ubuntu2 [22.5 kB]
#15 42.65 Get:36 http://archive.ubuntu.com/ubuntu jammy/main amd64 libpsl5 amd64 0.21.0-1.2build2 [58.4 kB]
#15 42.66 Get:37 http://archive.ubuntu.com/ubuntu jammy/main amd64 libxau6 amd64 1:1.0.9-1build5 [7634 B]
#15 42.66 Get:38 http://archive.ubuntu.com/ubuntu jammy/main amd64 libxdmcp6 amd64 1:1.1.3-0ubuntu5 [10.9 kB]
#15 42.66 Get:39 http://archive.ubuntu.com/ubuntu jammy/main amd64 libxcb1 amd64 1.14-3ubuntu3 [49.0 kB]
#15 42.66 Get:40 http://archive.ubuntu.com/ubuntu jammy-updates/main amd64 libx11-data all 2:1.7.5-1ubuntu0.3 [120 kB]
#15 42.67 Get:41 http://archive.ubuntu.com/ubuntu jammy-updates/main amd64 libx11-6 amd64 2:1.7.5-1ubuntu0.3 [667 kB]
#15 42.72 Get:42 http://archive.ubuntu.com/ubuntu jammy/main amd64 libxext6 amd64 2:1.3.4-1build1 [31.8 kB]
#15 42.72 Get:43 http://archive.ubuntu.com/ubuntu jammy/main amd64 libxmuu1 amd64 2:1.1.3-3 [10.2 kB]
#15 42.72 Get:44 http://archive.ubuntu.com/ubuntu jammy-updates/main amd64 openssh-client amd64 1:8.9p1-3ubuntu0.17 [905 kB]
#15 42.77 Get:45 http://archive.ubuntu.com/ubuntu jammy/main amd64 publicsuffix all 20211207.1025-1 [129 kB]
#15 42.79 Get:46 http://archive.ubuntu.com/ubuntu jammy-updates/main amd64 wget amd64 1.21.2-2ubuntu1.5 [339 kB]
#15 42.81 Get:47 http://archive.ubuntu.com/ubuntu jammy/main amd64 xauth amd64 1:1.1-1build2 [27.5 kB]
#15 42.81 Get:48 http://archive.ubuntu.com/ubuntu jammy/main amd64 libsigsegv2 amd64 2.13-1ubuntu3 [14.6 kB]
#15 42.81 Get:49 http://archive.ubuntu.com/ubuntu jammy/main amd64 m4 amd64 1.4.18-5ubuntu2 [199 kB]
#15 42.82 Get:50 http://archive.ubuntu.com/ubuntu jammy/main amd64 autoconf all 2.71-2 [338 kB]
#15 42.84 Get:51 http://archive.ubuntu.com/ubuntu jammy/main amd64 autotools-dev all 20220109.1 [44.9 kB]
#15 42.85 Get:52 http://archive.ubuntu.com/ubuntu jammy/main amd64 automake all 1:1.16.5-1.3 [558 kB]
#15 42.88 Get:53 http://archive.ubuntu.com/ubuntu jammy-updates/main amd64 g++-11 amd64 11.4.0-1ubuntu1~22.04.3 [11.4 MB]
#15 43.86 Get:54 http://archive.ubuntu.com/ubuntu jammy-updates/main amd64 libstdc++-11-dev amd64 11.4.0-1ubuntu1~22.04.3 [2101 kB]
#15 44.04 Get:55 http://archive.ubuntu.com/ubuntu jammy-updates/main amd64 libasan6 amd64 11.4.0-1ubuntu1~22.04.3 [2283 kB]
#15 44.24 Get:56 http://archive.ubuntu.com/ubuntu jammy-updates/main amd64 gcc-11 amd64 11.4.0-1ubuntu1~22.04.3 [20.1 MB]
#15 ...

#14 [phase3b-complex 3/9] RUN apt-get update && apt-get install -y     wget curl git python3.10 python3-pip     build-essential openmpi-bin libopenmpi-dev     && rm -rf /var/lib/apt/lists/*
#14 36.32 The following NEW packages will be installed:
#14 36.32   autoconf automake autotools-dev curl file gfortran gfortran-11 git git-man
#14 36.33   ibverbs-providers javascript-common less libbrotli1 libbsd0 libcaf-openmpi-3
#14 36.33   libcbor0.8 libcoarrays-dev libcoarrays-openmpi-dev libcurl3-gnutls libcurl4
#14 36.33   libedit2 liberror-perl libevent-2.1-7 libevent-core-2.1-7 libevent-dev
#14 36.33   libevent-extra-2.1-7 libevent-openssl-2.1-7 libevent-pthreads-2.1-7
#14 36.33   libexpat1 libexpat1-dev libfabric1 libfido2-1 libgfortran-11-dev
#14 36.33   libgfortran5 libhwloc-dev libhwloc-plugins libhwloc15 libibverbs-dev
#14 36.33   libibverbs1 libicu70 libjs-jquery libjs-jquery-ui libjs-sphinxdoc
#14 36.33   libjs-underscore libltdl-dev libltdl7 libmagic-mgc libmagic1 libmd0
#14 36.33   libmpdec3 libnghttp2-14 libnl-3-200 libnl-3-dev libnl-route-3-200
#14 36.33   libnl-route-3-dev libnuma-dev libnuma1 libopenmpi-dev libopenmpi3
#14 36.33   libpciaccess0 libpmix-dev libpmix2 libpsl5 libpsm-infinipath1 libpsm2-2
#14 36.33   libpython3-dev libpython3-stdlib libpython3.10 libpython3.10-dev
#14 36.33   libpython3.10-minimal libpython3.10-stdlib librdmacm1 librtmp1 libsigsegv2
#14 36.33   libssh-4 libtool libucx0 libx11-6 libx11-data libxau6 libxcb1 libxdmcp6
#14 36.33   libxext6 libxml2 libxmuu1 libxnvctrl0 m4 media-types ocl-icd-libopencl1
#14 36.33   openmpi-bin openmpi-common openssh-client publicsuffix python3 python3-dev
#14 36.33   python3-distutils python3-lib2to3 python3-minimal python3-pip
#14 36.33   python3-pkg-resources python3-setuptools python3-wheel python3.10
#14 36.33   python3.10-dev python3.10-minimal wget xauth zlib1g-dev
#14 36.33 The following packages will be upgraded:
#14 36.33   cpp-11 g++-11 gcc-11 gcc-11-base gcc-12-base libasan6 libatomic1 libcc1-0
#14 36.34   libgcc-11-dev libgcc-s1 libgomp1 libitm1 liblsan0 libquadmath0
#14 36.34   libstdc++-11-dev libstdc++6 libtsan0 libubsan1
#14 36.71 18 upgraded, 108 newly installed, 0 to remove and 94 not upgraded.
#14 36.71 Need to get 115 MB of archives.
#14 36.71 After this operation, 241 MB of additional disk space will be used.
#14 36.71 Get:1 http://archive.ubuntu.com/ubuntu jammy-updates/main amd64 libpython3.10-minimal amd64 3.10.12-1~22.04.18 [817 kB]
#14 37.45 Get:2 http://archive.ubuntu.com/ubuntu jammy-updates/main amd64 libexpat1 amd64 2.4.7-1ubuntu0.9 [96.9 kB]
#14 37.46 Get:3 http://archive.ubuntu.com/ubuntu jammy-updates/main amd64 python3.10-minimal amd64 3.10.12-1~22.04.18 [2277 kB]
#14 38.04 Get:4 http://archive.ubuntu.com/ubuntu jammy-updates/main amd64 python3-minimal amd64 3.10.6-1~22.04.1 [24.3 kB]
#14 38.09 Get:5 http://archive.ubuntu.com/ubuntu jammy/main amd64 media-types all 7.0.0 [25.5 kB]
#14 38.10 Get:6 http://archive.ubuntu.com/ubuntu jammy-updates/main amd64 libatomic1 amd64 12.3.0-1ubuntu1~22.04.3 [10.5 kB]
#14 38.10 Get:7 http://archive.ubuntu.com/ubuntu jammy-updates/main amd64 libubsan1 amd64 12.3.0-1ubuntu1~22.04.3 [976 kB]
#14 38.23 Get:8 https://developer.download.nvidia.com/compute/cuda/repos/ubuntu2204/x86_64  libxnvctrl0 615.71.09-2ubuntu1 [11.2 kB]
#14 38.47 Get:9 http://archive.ubuntu.com/ubuntu jammy-updates/main amd64 libquadmath0 amd64 12.3.0-1ubuntu1~22.04.3 [154 kB]
#14 38.50 Get:10 http://archive.ubuntu.com/ubuntu jammy-updates/main amd64 liblsan0 amd64 12.3.0-1ubuntu1~22.04.3 [1069 kB]
#14 38.77 Get:11 http://archive.ubuntu.com/ubuntu jammy-updates/main amd64 libitm1 amd64 12.3.0-1ubuntu1~22.04.3 [30.2 kB]
#14 38.78 Get:12 http://archive.ubuntu.com/ubuntu jammy-updates/main amd64 libgomp1 amd64 12.3.0-1ubuntu1~22.04.3 [127 kB]
#14 38.80 Get:13 http://archive.ubuntu.com/ubuntu jammy-updates/main amd64 gcc-12-base amd64 12.3.0-1ubuntu1~22.04.3 [216 kB]
#14 38.86 Get:14 http://archive.ubuntu.com/ubuntu jammy-updates/main amd64 libgcc-s1 amd64 12.3.0-1ubuntu1~22.04.3 [53.9 kB]
#14 38.88 Get:15 http://archive.ubuntu.com/ubuntu jammy-updates/main amd64 libcc1-0 amd64 12.3.0-1ubuntu1~22.04.3 [48.3 kB]
#14 38.89 Get:16 http://archive.ubuntu.com/ubuntu jammy-updates/main amd64 libstdc++6 amd64 12.3.0-1ubuntu1~22.04.3 [699 kB]
#14 39.05 Get:17 http://archive.ubuntu.com/ubuntu jammy/main amd64 libmpdec3 amd64 2.5.1-2build2 [86.8 kB]
#14 39.07 Get:18 http://archive.ubuntu.com/ubuntu jammy-updates/main amd64 libpython3.10-stdlib amd64 3.10.12-1~22.04.18 [1850 kB]
#14 39.59 Get:19 http://archive.ubuntu.com/ubuntu jammy-updates/main amd64 python3.10 amd64 3.10.12-1~22.04.18 [508 kB]
#14 39.80 Get:20 http://archive.ubuntu.com/ubuntu jammy-updates/main amd64 libpython3-stdlib amd64 3.10.6-1~22.04.1 [6812 B]
#14 39.80 Get:21 http://archive.ubuntu.com/ubuntu jammy-updates/main amd64 python3 amd64 3.10.6-1~22.04.1 [22.8 kB]
#14 39.81 Get:22 http://archive.ubuntu.com/ubuntu jammy-updates/main amd64 less amd64 590-1ubuntu0.22.04.3 [142 kB]
#14 39.88 Get:23 http://archive.ubuntu.com/ubuntu jammy/main amd64 libmd0 amd64 1.0.4-1build1 [23.0 kB]
#14 39.88 Get:24 http://archive.ubuntu.com/ubuntu jammy/main amd64 libbsd0 amd64 0.11.5-1 [44.8 kB]
#14 39.89 Get:25 http://archive.ubuntu.com/ubuntu jammy/main amd64 libicu70 amd64 70.1-2 [10.6 MB]
#14 42.39 Get:26 http://archive.ubuntu.com/ubuntu jammy-updates/main amd64 libxml2 amd64 2.9.13+dfsg-1ubuntu0.13 [764 kB]
#14 42.51 Get:27 http://archive.ubuntu.com/ubuntu jammy-updates/main amd64 python3-pkg-resources all 59.6.0-1.2ubuntu0.22.04.3 [133 kB]
#14 42.53 Get:28 http://archive.ubuntu.com/ubuntu jammy-updates/main amd64 libmagic-mgc amd64 1:5.41-3ubuntu0.1 [257 kB]
#14 42.57 Get:29 http://archive.ubuntu.com/ubuntu jammy-updates/main amd64 libmagic1 amd64 1:5.41-3ubuntu0.1 [87.2 kB]
#14 42.58 Get:30 http://archive.ubuntu.com/ubuntu jammy-updates/main amd64 file amd64 1:5.41-3ubuntu0.1 [21.5 kB]
#14 42.59 Get:31 http://archive.ubuntu.com/ubuntu jammy/main amd64 libcbor0.8 amd64 0.8.0-2ubuntu1 [24.6 kB]
#14 42.59 Get:32 http://archive.ubuntu.com/ubuntu jammy/main amd64 libedit2 amd64 3.1-20210910-1build1 [96.8 kB]
#14 42.59 Get:33 http://archive.ubuntu.com/ubuntu jammy/main amd64 libfido2-1 amd64 1.10.0-1 [82.8 kB]
#14 42.60 Get:34 http://archive.ubuntu.com/ubuntu jammy-updates/main amd64 libnghttp2-14 amd64 1.43.0-1ubuntu0.4 [76.9 kB]
#14 42.61 Get:35 http://archive.ubuntu.com/ubuntu jammy/main amd64 libnuma1 amd64 2.0.14-3ubuntu2 [22.5 kB]
#14 42.64 Get:36 http://archive.ubuntu.com/ubuntu jammy/main amd64 libpsl5 amd64 0.21.0-1.2build2 [58.4 kB]
#14 42.65 Get:37 http://archive.ubuntu.com/ubuntu jammy/main amd64 libxau6 amd64 1:1.0.9-1build5 [7634 B]
#14 42.67 Get:38 http://archive.ubuntu.com/ubuntu jammy/main amd64 libxdmcp6 amd64 1:1.1.3-0ubuntu5 [10.9 kB]
#14 42.95 Get:39 http://archive.ubuntu.com/ubuntu jammy/main amd64 libxcb1 amd64 1.14-3ubuntu3 [49.0 kB]
#14 43.11 Get:40 http://archive.ubuntu.com/ubuntu jammy-updates/main amd64 libx11-data all 2:1.7.5-1ubuntu0.3 [120 kB]
#14 43.34 Get:41 http://archive.ubuntu.com/ubuntu jammy-updates/main amd64 libx11-6 amd64 2:1.7.5-1ubuntu0.3 [667 kB]
#14 43.70 Get:42 http://archive.ubuntu.com/ubuntu jammy/main amd64 libxext6 amd64 2:1.3.4-1build1 [31.8 kB]
#14 43.79 Get:43 http://archive.ubuntu.com/ubuntu jammy/main amd64 libxmuu1 amd64 2:1.1.3-3 [10.2 kB]
#14 43.88 Get:44 http://archive.ubuntu.com/ubuntu jammy-updates/main amd64 openssh-client amd64 1:8.9p1-3ubuntu0.17 [905 kB]
#14 44.11 Get:45 http://archive.ubuntu.com/ubuntu jammy/main amd64 publicsuffix all 20211207.1025-1 [129 kB]
#14 44.20 Get:46 http://archive.ubuntu.com/ubuntu jammy-updates/main amd64 wget amd64 1.21.2-2ubuntu1.5 [339 kB]
#14 44.35 Get:47 http://archive.ubuntu.com/ubuntu jammy/main amd64 xauth amd64 1:1.1-1build2 [27.5 kB]
#14 44.44 Get:48 http://archive.ubuntu.com/ubuntu jammy/main amd64 libsigsegv2 amd64 2.13-1ubuntu3 [14.6 kB]
#14 44.51 Get:49 http://archive.ubuntu.com/ubuntu jammy/main amd64 m4 amd64 1.4.18-5ubuntu2 [199 kB]
#14 44.62 Get:50 http://archive.ubuntu.com/ubuntu jammy/main amd64 autoconf all 2.71-2 [338 kB]
#14 44.74 Get:51 http://archive.ubuntu.com/ubuntu jammy/main amd64 autotools-dev all 20220109.1 [44.9 kB]
#14 44.84 Get:52 http://archive.ubuntu.com/ubuntu jammy/main amd64 automake all 1:1.16.5-1.3 [558 kB]
#14 44.99 Get:53 http://archive.ubuntu.com/ubuntu jammy-updates/main amd64 g++-11 amd64 11.4.0-1ubuntu1~22.04.3 [11.4 MB]
#14 ...

#16 [phase2-seq-design 3/6] RUN apt-get update && apt-get install -y     wget curl git python3.10 python3-pip     build-essential     && rm -rf /var/lib/apt/lists/*
#16 41.19 debconf: delaying package configuration, since apt-utils is not installed
#16 41.34 Fetched 24.2 MB in 6s (3914 kB/s)
#16 41.55 Selecting previously unselected package libpython3.10-minimal:amd64.
#16 41.55 (Reading database ... 
(Reading database ... 5%
(Reading database ... 10%
(Reading database ... 15%
(Reading database ... 20%
(Reading database ... 25%
(Reading database ... 30%
(Reading database ... 35%
(Reading database ... 40%
(Reading database ... 45%
(Reading database ... 50%
(Reading database ... 55%
(Reading database ... 60%
(Reading database ... 65%
(Reading database ... 70%
(Reading database ... 75%
(Reading database ... 80%
(Reading database ... 85%
(Reading database ... 90%
(Reading database ... 95%
(Reading database ... 100%
(Reading database ... 14736 files and directories currently installed.)
#16 41.97 Preparing to unpack .../libpython3.10-minimal_3.10.12-1~22.04.18_amd64.deb ...
#16 42.09 Unpacking libpython3.10-minimal:amd64 (3.10.12-1~22.04.18) ...
#16 42.90 Selecting previously unselected package libexpat1:amd64.
#16 42.90 Preparing to unpack .../libexpat1_2.4.7-1ubuntu0.9_amd64.deb ...
#16 42.95 Unpacking libexpat1:amd64 (2.4.7-1ubuntu0.9) ...
#16 43.21 Selecting previously unselected package python3.10-minimal.
#16 43.21 Preparing to unpack .../python3.10-minimal_3.10.12-1~22.04.18_amd64.deb ...
#16 43.27 Unpacking python3.10-minimal (3.10.12-1~22.04.18) ...
#16 43.79 Setting up libpython3.10-minimal:amd64 (3.10.12-1~22.04.18) ...
#16 43.93 Setting up libexpat1:amd64 (2.4.7-1ubuntu0.9) ...
#16 44.00 Setting up python3.10-minimal (3.10.12-1~22.04.18) ...
#16 46.15 Selecting previously unselected package python3-minimal.
#16 46.15 (Reading database ... 
(Reading database ... 5%
(Reading database ... 10%
(Reading database ... 15%
(Reading database ... 20%
(Reading database ... 25%
(Reading database ... 30%
(Reading database ... 35%
(Reading database ... 40%
(Reading database ... 45%
(Reading database ... 50%
(Reading database ... 55%
(Reading database ... 60%
(Reading database ... 65%
(Reading database ... 70%
(Reading database ... 75%
(Reading database ... 80%
(Reading database ... 85%
(Reading database ... 90%
(Reading database ... 95%
(Reading database ... 100%
(Reading database ... 15040 files and directories currently installed.)
#16 46.19 Preparing to unpack .../0-python3-minimal_3.10.6-1~22.04.1_amd64.deb ...
#16 46.22 Unpacking python3-minimal (3.10.6-1~22.04.1) ...
#16 46.78 Selecting previously unselected package media-types.
#16 46.79 Preparing to unpack .../1-media-types_7.0.0_all.deb ...
#16 46.90 Unpacking media-types (7.0.0) ...
#16 47.19 Selecting previously unselected package libmpdec3:amd64.
#16 47.19 Preparing to unpack .../2-libmpdec3_2.5.1-2build2_amd64.deb ...
#16 47.22 Unpacking libmpdec3:amd64 (2.5.1-2build2) ...
#16 47.49 Selecting previously unselected package libpython3.10-stdlib:amd64.
#16 47.49 Preparing to unpack .../3-libpython3.10-stdlib_3.10.12-1~22.04.18_amd64.deb ...
#16 47.52 Unpacking libpython3.10-stdlib:amd64 (3.10.12-1~22.04.18) ...
#16 48.33 Selecting previously unselected package python3.10.
#16 48.33 Preparing to unpack .../4-python3.10_3.10.12-1~22.04.18_amd64.deb ...
#16 48.36 Unpacking python3.10 (3.10.12-1~22.04.18) ...
#16 48.61 Selecting previously unselected package libpython3-stdlib:amd64.
#16 48.62 Preparing to unpack .../5-libpython3-stdlib_3.10.6-1~22.04.1_amd64.deb ...
#16 48.64 Unpacking libpython3-stdlib:amd64 (3.10.6-1~22.04.1) ...
#16 48.81 Setting up python3-minimal (3.10.6-1~22.04.1) ...
#16 49.57 Selecting previously unselected package python3.
#16 49.57 (Reading database ... 
(Reading database ... 5%
(Reading database ... 10%
(Reading database ... 15%
(Reading database ... 20%
(Reading database ... 25%
(Reading database ... 30%
(Reading database ... 35%
(Reading database ... 40%
(Reading database ... 45%
(Reading database ... 50%
(Reading database ... 55%
(Reading database ... 60%
(Reading database ... 65%
(Reading database ... 70%
(Reading database ... 75%
(Reading database ... 80%
(Reading database ... 85%
(Reading database ... 90%
(Reading database ... 95%
(Reading database ... 100%
(Reading database ... 15441 files and directories currently installed.)
#16 49.59 Preparing to unpack .../00-python3_3.10.6-1~22.04.1_amd64.deb ...
#16 49.62 Unpacking python3 (3.10.6-1~22.04.1) ...
#16 49.84 Selecting previously unselected package less.
#16 49.84 Preparing to unpack .../01-less_590-1ubuntu0.22.04.3_amd64.deb ...
#16 49.86 Unpacking less (590-1ubuntu0.22.04.3) ...
#16 50.06 Selecting previously unselected package libmd0:amd64.
#16 50.06 Preparing to unpack .../02-libmd0_1.0.4-1build1_amd64.deb ...
#16 50.09 Unpacking libmd0:amd64 (1.0.4-1build1) ...
#16 50.43 Selecting previously unselected package libbsd0:amd64.
#16 50.43 Preparing to unpack .../03-libbsd0_0.11.5-1_amd64.deb ...
#16 50.46 Unpacking libbsd0:amd64 (0.11.5-1) ...
#16 50.68 Selecting previously unselected package python3-pkg-resources.
#16 50.68 Preparing to unpack .../04-python3-pkg-resources_59.6.0-1.2ubuntu0.22.04.3_all.deb ...
#16 50.71 Unpacking python3-pkg-resources (59.6.0-1.2ubuntu0.22.04.3) ...
#16 50.98 Selecting previously unselected package libcbor0.8:amd64.
#16 50.99 Preparing to unpack .../05-libcbor0.8_0.8.0-2ubuntu1_amd64.deb ...
#16 51.02 Unpacking libcbor0.8:amd64 (0.8.0-2ubuntu1) ...
#16 51.28 Selecting previously unselected package libedit2:amd64.
#16 51.28 Preparing to unpack .../06-libedit2_3.1-20210910-1build1_amd64.deb ...
#16 51.31 Unpacking libedit2:amd64 (3.1-20210910-1build1) ...
#16 51.58 Selecting previously unselected package libfido2-1:amd64.
#16 51.58 Preparing to unpack .../07-libfido2-1_1.10.0-1_amd64.deb ...
#16 51.61 Unpacking libfido2-1:amd64 (1.10.0-1) ...
#16 51.82 Selecting previously unselected package libnghttp2-14:amd64.
#16 51.83 Preparing to unpack .../08-libnghttp2-14_1.43.0-1ubuntu0.4_amd64.deb ...
#16 51.87 Unpacking libnghttp2-14:amd64 (1.43.0-1ubuntu0.4) ...
#16 52.09 Selecting previously unselected package libpsl5:amd64.
#16 ...

#15 [phase1-backbone-gen 3/6] RUN apt-get update && apt-get install -y     wget curl git python3.10 python3-pip     build-essential libopenmpi-dev openmpi-bin     && rm -rf /var/lib/apt/lists/*
#15 46.51 Get:57 http://archive.ubuntu.com/ubuntu jammy-updates/main amd64 libgcc-11-dev amd64 11.4.0-1ubuntu1~22.04.3 [2517 kB]
#15 47.03 Get:58 http://archive.ubuntu.com/ubuntu jammy-updates/main amd64 libtsan0 amd64 11.4.0-1ubuntu1~22.04.3 [2260 kB]
#15 47.28 Get:59 http://archive.ubuntu.com/ubuntu jammy-updates/main amd64 cpp-11 amd64 11.4.0-1ubuntu1~22.04.3 [10.0 MB]
#15 48.48 Get:60 http://archive.ubuntu.com/ubuntu jammy-updates/main amd64 gcc-11-base amd64 11.4.0-1ubuntu1~22.04.3 [216 kB]
#15 48.49 Get:61 http://archive.ubuntu.com/ubuntu jammy/main amd64 libbrotli1 amd64 1.0.9-2build6 [315 kB]
#15 48.55 Get:62 http://archive.ubuntu.com/ubuntu jammy/main amd64 librtmp1 amd64 2.4+20151223.gitfa8646d.1-2build4 [58.2 kB]
#15 48.55 Get:63 http://archive.ubuntu.com/ubuntu jammy-updates/main amd64 libssh-4 amd64 0.9.6-2ubuntu0.22.04.8 [189 kB]
#15 48.59 Get:64 http://archive.ubuntu.com/ubuntu jammy-updates/main amd64 libcurl4 amd64 7.81.0-1ubuntu1.29 [292 kB]
#15 48.63 Get:65 http://archive.ubuntu.com/ubuntu jammy-updates/main amd64 curl amd64 7.81.0-1ubuntu1.29 [194 kB]
#15 48.64 Get:66 http://archive.ubuntu.com/ubuntu jammy-updates/main amd64 libgfortran5 amd64 12.3.0-1ubuntu1~22.04.3 [879 kB]
#15 48.75 Get:67 http://archive.ubuntu.com/ubuntu jammy-updates/main amd64 libgfortran-11-dev amd64 11.4.0-1ubuntu1~22.04.3 [842 kB]
#15 48.84 Get:68 http://archive.ubuntu.com/ubuntu jammy-updates/main amd64 gfortran-11 amd64 11.4.0-1ubuntu1~22.04.3 [11.2 MB]
#15 50.23 Get:69 http://archive.ubuntu.com/ubuntu jammy/main amd64 gfortran amd64 4:11.2.0-1ubuntu1 [1182 B]
#15 50.23 Get:70 http://archive.ubuntu.com/ubuntu jammy-updates/main amd64 libcurl3-gnutls amd64 7.81.0-1ubuntu1.29 [286 kB]
#15 50.33 Get:71 http://archive.ubuntu.com/ubuntu jammy/main amd64 liberror-perl all 0.17029-1 [26.5 kB]
#15 50.37 Get:72 http://archive.ubuntu.com/ubuntu jammy-updates/main amd64 git-man all 1:2.34.1-1ubuntu1.17 [954 kB]
#15 50.47 Get:73 http://archive.ubuntu.com/ubuntu jammy-updates/main amd64 git amd64 1:2.34.1-1ubuntu1.17 [3174 kB]
#15 50.86 Get:74 http://archive.ubuntu.com/ubuntu jammy/main amd64 libnl-3-200 amd64 3.5.0-0.1 [59.1 kB]
#15 50.87 Get:75 http://archive.ubuntu.com/ubuntu jammy/main amd64 libnl-route-3-200 amd64 3.5.0-0.1 [180 kB]
#15 50.88 Get:76 http://archive.ubuntu.com/ubuntu jammy/main amd64 libibverbs1 amd64 39.0-1 [69.3 kB]
#15 50.90 Get:77 http://archive.ubuntu.com/ubuntu jammy/main amd64 ibverbs-providers amd64 39.0-1 [341 kB]
#15 50.95 Get:78 http://archive.ubuntu.com/ubuntu jammy/main amd64 javascript-common all 11+nmu1 [5936 B]
#15 50.95 Get:79 http://archive.ubuntu.com/ubuntu jammy-updates/main amd64 libevent-core-2.1-7 amd64 2.1.12-stable-1ubuntu0.2 [94.8 kB]
#15 50.97 Get:80 http://archive.ubuntu.com/ubuntu jammy-updates/main amd64 libevent-pthreads-2.1-7 amd64 2.1.12-stable-1ubuntu0.2 [7644 B]
#15 50.97 Get:81 http://archive.ubuntu.com/ubuntu jammy/universe amd64 libpsm-infinipath1 amd64 3.3+20.604758e7-6.1 [170 kB]
#15 50.98 Get:82 http://archive.ubuntu.com/ubuntu jammy/universe amd64 libpsm2-2 amd64 11.2.185-1 [182 kB]
#15 51.00 Get:83 http://archive.ubuntu.com/ubuntu jammy/main amd64 librdmacm1 amd64 39.0-1 [71.2 kB]
#15 51.03 Get:84 http://archive.ubuntu.com/ubuntu jammy/universe amd64 libfabric1 amd64 1.11.0-3 [558 kB]
#15 51.11 Get:85 http://archive.ubuntu.com/ubuntu jammy-updates/universe amd64 libhwloc15 amd64 2.7.0-2ubuntu1 [159 kB]
#15 51.14 Get:86 http://archive.ubuntu.com/ubuntu jammy/main amd64 libpciaccess0 amd64 0.16-3 [19.1 kB]
#15 51.14 Get:87 http://archive.ubuntu.com/ubuntu jammy/universe amd64 ocl-icd-libopencl1 amd64 2.2.14-3 [39.1 kB]
#15 51.15 Get:88 http://archive.ubuntu.com/ubuntu jammy-updates/universe amd64 libhwloc-plugins amd64 2.7.0-2ubuntu1 [15.6 kB]
#15 51.15 Get:89 http://archive.ubuntu.com/ubuntu jammy/universe amd64 libpmix2 amd64 4.1.2-2ubuntu1 [604 kB]
#15 51.26 Get:90 http://archive.ubuntu.com/ubuntu jammy/universe amd64 libucx0 amd64 1.12.1~rc2-1 [891 kB]
#15 51.40 Get:91 http://archive.ubuntu.com/ubuntu jammy/universe amd64 libopenmpi3 amd64 4.1.2-2ubuntu1 [2594 kB]
#15 51.75 Get:92 http://archive.ubuntu.com/ubuntu jammy/universe amd64 libcaf-openmpi-3 amd64 2.9.2-3 [36.5 kB]
#15 51.76 Get:93 http://archive.ubuntu.com/ubuntu jammy/universe amd64 libcoarrays-dev amd64 2.9.2-3 [40.5 kB]
#15 51.76 Get:94 http://archive.ubuntu.com/ubuntu jammy/universe amd64 openmpi-common all 4.1.2-2ubuntu1 [162 kB]
#15 51.79 Get:95 http://archive.ubuntu.com/ubuntu jammy/universe amd64 openmpi-bin amd64 4.1.2-2ubuntu1 [116 kB]
#15 51.80 Get:96 http://archive.ubuntu.com/ubuntu jammy/universe amd64 libcoarrays-openmpi-dev amd64 2.9.2-3 [452 kB]
#15 51.84 Get:97 http://archive.ubuntu.com/ubuntu jammy-updates/main amd64 libevent-2.1-7 amd64 2.1.12-stable-1ubuntu0.2 [149 kB]
#15 51.88 Get:98 http://archive.ubuntu.com/ubuntu jammy-updates/main amd64 libevent-extra-2.1-7 amd64 2.1.12-stable-1ubuntu0.2 [65.7 kB]
#15 51.88 Get:99 http://archive.ubuntu.com/ubuntu jammy-updates/main amd64 libevent-openssl-2.1-7 amd64 2.1.12-stable-1ubuntu0.2 [15.7 kB]
#15 51.89 Get:100 http://archive.ubuntu.com/ubuntu jammy-updates/main amd64 libevent-dev amd64 2.1.12-stable-1ubuntu0.2 [279 kB]
#15 51.92 Get:101 http://archive.ubuntu.com/ubuntu jammy-updates/main amd64 libexpat1-dev amd64 2.4.7-1ubuntu0.9 [151 kB]
#15 51.94 Get:102 http://archive.ubuntu.com/ubuntu jammy/main amd64 libjs-jquery all 3.6.0+dfsg+~3.5.13-1 [321 kB]
#15 52.18 Get:103 http://archive.ubuntu.com/ubuntu jammy/universe amd64 libjs-jquery-ui all 1.13.1+dfsg-1 [253 kB]
#15 52.64 Get:104 http://archive.ubuntu.com/ubuntu jammy/main amd64 libjs-underscore all 1.13.2~dfsg-2 [118 kB]
#15 52.68 Get:105 http://archive.ubuntu.com/ubuntu jammy/main amd64 libjs-sphinxdoc all 4.3.2-1 [139 kB]
#15 52.71 Get:106 http://archive.ubuntu.com/ubuntu jammy/main amd64 libltdl7 amd64 2.4.6-15build2 [39.6 kB]
#15 52.74 Get:107 http://archive.ubuntu.com/ubuntu jammy/main amd64 libltdl-dev amd64 2.4.6-15build2 [169 kB]
#15 52.78 Get:108 http://archive.ubuntu.com/ubuntu jammy/main amd64 libnl-3-dev amd64 3.5.0-0.1 [101 kB]
#15 52.81 Get:109 http://archive.ubuntu.com/ubuntu jammy/main amd64 libnl-route-3-dev amd64 3.5.0-0.1 [202 kB]
#15 52.83 Get:110 http://archive.ubuntu.com/ubuntu jammy/main amd64 libnuma-dev amd64 2.0.14-3ubuntu2 [35.9 kB]
#15 52.84 Get:111 http://archive.ubuntu.com/ubuntu jammy-updates/universe amd64 libhwloc-dev amd64 2.7.0-2ubuntu1 [256 kB]
#15 52.88 Get:112 http://archive.ubuntu.com/ubuntu jammy-updates/main amd64 zlib1g-dev amd64 1:1.2.11.dfsg-2ubuntu9.2 [164 kB]
#15 52.90 Get:113 http://archive.ubuntu.com/ubuntu jammy/universe amd64 libpmix-dev amd64 4.1.2-2ubuntu1 [805 kB]
#15 52.99 Get:114 http://archive.ubuntu.com/ubuntu jammy-updates/main amd64 libpython3.10 amd64 3.10.12-1~22.04.18 [1950 kB]
#15 53.21 Get:115 http://archive.ubuntu.com/ubuntu jammy-updates/main amd64 libpython3.10-dev amd64 3.10.12-1~22.04.18 [4765 kB]
#15 53.78 Get:116 http://archive.ubuntu.com/ubuntu jammy-updates/main amd64 libpython3-dev amd64 3.10.6-1~22.04.1 [7064 B]
#15 53.78 Get:117 http://archive.ubuntu.com/ubuntu jammy/main amd64 libtool all 2.4.6-15build2 [164 kB]
#15 53.80 Get:118 http://archive.ubuntu.com/ubuntu jammy-updates/main amd64 python3.10-dev amd64 3.10.12-1~22.04.18 [508 kB]
#15 53.88 Get:119 http://archive.ubuntu.com/ubuntu jammy-updates/main amd64 python3-lib2to3 all 3.10.8-1~22.04 [77.6 kB]
#15 53.90 Get:120 http://archive.ubuntu.com/ubuntu jammy-updates/main amd64 python3-distutils all 3.10.8-1~22.04 [139 kB]
#15 53.92 Get:121 http://archive.ubuntu.com/ubuntu jammy-updates/main amd64 python3-dev amd64 3.10.6-1~22.04.1 [26.0 kB]
#15 53.94 Get:122 http://archive.ubuntu.com/ubuntu jammy-updates/main amd64 python3-setuptools all 59.6.0-1.2ubuntu0.22.04.3 [340 kB]
#15 54.00 Get:123 http://archive.ubuntu.com/ubuntu jammy-updates/universe amd64 python3-wheel all 0.37.1-2ubuntu0.22.04.1 [32.0 kB]
#15 54.00 Get:124 http://archive.ubuntu.com/ubuntu jammy-updates/universe amd64 python3-pip all 22.0.2+dfsg-1ubuntu0.7 [1306 kB]
#15 54.17 Get:125 http://archive.ubuntu.com/ubuntu jammy/main amd64 libibverbs-dev amd64 39.0-1 [628 kB]
#15 54.27 Get:126 http://archive.ubuntu.com/ubuntu jammy/universe amd64 libopenmpi-dev amd64 4.1.2-2ubuntu1 [867 kB]
#15 54.91 debconf: delaying package configuration, since apt-utils is not installed
#15 55.10 Fetched 115 MB in 18s (6462 kB/s)
#15 ...

#16 [phase2-seq-design 3/6] RUN apt-get update && apt-get install -y     wget curl git python3.10 python3-pip     build-essential     && rm -rf /var/lib/apt/lists/*
#16 52.10 Preparing to unpack .../09-libpsl5_0.21.0-1.2build2_amd64.deb ...
#16 52.13 Unpacking libpsl5:amd64 (0.21.0-1.2build2) ...
#16 52.33 Selecting previously unselected package libxau6:amd64.
#16 52.33 Preparing to unpack .../10-libxau6_1%3a1.0.9-1build5_amd64.deb ...
#16 52.36 Unpacking libxau6:amd64 (1:1.0.9-1build5) ...
#16 52.59 Selecting previously unselected package libxdmcp6:amd64.
#16 52.59 Preparing to unpack .../11-libxdmcp6_1%3a1.1.3-0ubuntu5_amd64.deb ...
#16 52.62 Unpacking libxdmcp6:amd64 (1:1.1.3-0ubuntu5) ...
#16 52.83 Selecting previously unselected package libxcb1:amd64.
#16 52.83 Preparing to unpack .../12-libxcb1_1.14-3ubuntu3_amd64.deb ...
#16 52.87 Unpacking libxcb1:amd64 (1.14-3ubuntu3) ...
#16 53.06 Selecting previously unselected package libx11-data.
#16 53.06 Preparing to unpack .../13-libx11-data_2%3a1.7.5-1ubuntu0.3_all.deb ...
#16 53.09 Unpacking libx11-data (2:1.7.5-1ubuntu0.3) ...
#16 53.64 Selecting previously unselected package libx11-6:amd64.
#16 53.65 Preparing to unpack .../14-libx11-6_2%3a1.7.5-1ubuntu0.3_amd64.deb ...
#16 53.67 Unpacking libx11-6:amd64 (2:1.7.5-1ubuntu0.3) ...
#16 53.99 Selecting previously unselected package libxext6:amd64.
#16 53.99 Preparing to unpack .../15-libxext6_2%3a1.3.4-1build1_amd64.deb ...
#16 54.02 Unpacking libxext6:amd64 (2:1.3.4-1build1) ...
#16 54.25 Selecting previously unselected package libxmuu1:amd64.
#16 54.25 Preparing to unpack .../16-libxmuu1_2%3a1.1.3-3_amd64.deb ...
#16 54.28 Unpacking libxmuu1:amd64 (2:1.1.3-3) ...
#16 54.54 Selecting previously unselected package openssh-client.
#16 54.55 Preparing to unpack .../17-openssh-client_1%3a8.9p1-3ubuntu0.17_amd64.deb ...
#16 54.60 Unpacking openssh-client (1:8.9p1-3ubuntu0.17) ...
#16 54.91 Selecting previously unselected package publicsuffix.
#16 54.92 Preparing to unpack .../18-publicsuffix_20211207.1025-1_all.deb ...
#16 55.02 Unpacking publicsuffix (20211207.1025-1) ...
#16 55.21 Selecting previously unselected package wget.
#16 55.21 Preparing to unpack .../19-wget_1.21.2-2ubuntu1.5_amd64.deb ...
#16 55.24 Unpacking wget (1.21.2-2ubuntu1.5) ...
#16 55.60 Selecting previously unselected package xauth.
#16 55.60 Preparing to unpack .../20-xauth_1%3a1.1-1build2_amd64.deb ...
#16 55.65 Unpacking xauth (1:1.1-1build2) ...
#16 55.93 Selecting previously unselected package libbrotli1:amd64.
#16 55.93 Preparing to unpack .../21-libbrotli1_1.0.9-2build6_amd64.deb ...
#16 55.96 Unpacking libbrotli1:amd64 (1.0.9-2build6) ...
#16 56.14 Selecting previously unselected package librtmp1:amd64.
#16 56.14 Preparing to unpack .../22-librtmp1_2.4+20151223.gitfa8646d.1-2build4_amd64.deb ...
#16 56.17 Unpacking librtmp1:amd64 (2.4+20151223.gitfa8646d.1-2build4) ...
#16 56.38 Selecting previously unselected package libssh-4:amd64.
#16 56.38 Preparing to unpack .../23-libssh-4_0.9.6-2ubuntu0.22.04.8_amd64.deb ...
#16 56.43 Unpacking libssh-4:amd64 (0.9.6-2ubuntu0.22.04.8) ...
#16 ...

#14 [phase3b-complex 3/9] RUN apt-get update && apt-get install -y     wget curl git python3.10 python3-pip     build-essential openmpi-bin libopenmpi-dev     && rm -rf /var/lib/apt/lists/*
#14 46.69 Get:54 http://archive.ubuntu.com/ubuntu jammy-updates/main amd64 libstdc++-11-dev amd64 11.4.0-1ubuntu1~22.04.3 [2101 kB]
#14 47.18 Get:55 http://archive.ubuntu.com/ubuntu jammy-updates/main amd64 libasan6 amd64 11.4.0-1ubuntu1~22.04.3 [2283 kB]
#14 47.62 Get:56 http://archive.ubuntu.com/ubuntu jammy-updates/main amd64 gcc-11 amd64 11.4.0-1ubuntu1~22.04.3 [20.1 MB]
#14 50.30 Get:57 http://archive.ubuntu.com/ubuntu jammy-updates/main amd64 libgcc-11-dev amd64 11.4.0-1ubuntu1~22.04.3 [2517 kB]
#14 50.74 Get:58 http://archive.ubuntu.com/ubuntu jammy-updates/main amd64 libtsan0 amd64 11.4.0-1ubuntu1~22.04.3 [2260 kB]
#14 51.12 Get:59 http://archive.ubuntu.com/ubuntu jammy-updates/main amd64 cpp-11 amd64 11.4.0-1ubuntu1~22.04.3 [10.0 MB]
#14 52.49 Get:60 http://archive.ubuntu.com/ubuntu jammy-updates/main amd64 gcc-11-base amd64 11.4.0-1ubuntu1~22.04.3 [216 kB]
#14 52.61 Get:61 http://archive.ubuntu.com/ubuntu jammy/main amd64 libbrotli1 amd64 1.0.9-2build6 [315 kB]
#14 52.72 Get:62 http://archive.ubuntu.com/ubuntu jammy/main amd64 librtmp1 amd64 2.4+20151223.gitfa8646d.1-2build4 [58.2 kB]
#14 52.81 Get:63 http://archive.ubuntu.com/ubuntu jammy-updates/main amd64 libssh-4 amd64 0.9.6-2ubuntu0.22.04.8 [189 kB]
#14 52.92 Get:64 http://archive.ubuntu.com/ubuntu jammy-updates/main amd64 libcurl4 amd64 7.81.0-1ubuntu1.29 [292 kB]
#14 53.05 Get:65 http://archive.ubuntu.com/ubuntu jammy-updates/main amd64 curl amd64 7.81.0-1ubuntu1.29 [194 kB]
#14 53.16 Get:66 http://archive.ubuntu.com/ubuntu jammy-updates/main amd64 libgfortran5 amd64 12.3.0-1ubuntu1~22.04.3 [879 kB]
#14 53.42 Get:67 http://archive.ubuntu.com/ubuntu jammy-updates/main amd64 libgfortran-11-dev amd64 11.4.0-1ubuntu1~22.04.3 [842 kB]
#14 53.62 Get:68 http://archive.ubuntu.com/ubuntu jammy-updates/main amd64 gfortran-11 amd64 11.4.0-1ubuntu1~22.04.3 [11.2 MB]
#14 55.01 Get:69 http://archive.ubuntu.com/ubuntu jammy/main amd64 gfortran amd64 4:11.2.0-1ubuntu1 [1182 B]
#14 55.09 Get:70 http://archive.ubuntu.com/ubuntu jammy-updates/main amd64 libcurl3-gnutls amd64 7.81.0-1ubuntu1.29 [286 kB]
#14 55.19 Get:71 http://archive.ubuntu.com/ubuntu jammy/main amd64 liberror-perl all 0.17029-1 [26.5 kB]
#14 55.28 Get:72 http://archive.ubuntu.com/ubuntu jammy-updates/main amd64 git-man all 1:2.34.1-1ubuntu1.17 [954 kB]
#14 55.49 Get:73 http://archive.ubuntu.com/ubuntu jammy-updates/main amd64 git amd64 1:2.34.1-1ubuntu1.17 [3174 kB]
#14 55.98 Get:74 http://archive.ubuntu.com/ubuntu jammy/main amd64 libnl-3-200 amd64 3.5.0-0.1 [59.1 kB]
#14 56.08 Get:75 http://archive.ubuntu.com/ubuntu jammy/main amd64 libnl-route-3-200 amd64 3.5.0-0.1 [180 kB]
#14 56.18 Get:76 http://archive.ubuntu.com/ubuntu jammy/main amd64 libibverbs1 amd64 39.0-1 [69.3 kB]
#14 56.28 Get:77 http://archive.ubuntu.com/ubuntu jammy/main amd64 ibverbs-providers amd64 39.0-1 [341 kB]
#14 56.41 Get:78 http://archive.ubuntu.com/ubuntu jammy/main amd64 javascript-common all 11+nmu1 [5936 B]
#14 56.50 Get:79 http://archive.ubuntu.com/ubuntu jammy-updates/main amd64 libevent-core-2.1-7 amd64 2.1.12-stable-1ubuntu0.2 [94.8 kB]
#14 56.59 Get:80 http://archive.ubuntu.com/ubuntu jammy-updates/main amd64 libevent-pthreads-2.1-7 amd64 2.1.12-stable-1ubuntu0.2 [7644 B]
#14 56.67 Get:81 http://archive.ubuntu.com/ubuntu jammy/universe amd64 libpsm-infinipath1 amd64 3.3+20.604758e7-6.1 [170 kB]
#14 56.79 Get:82 http://archive.ubuntu.com/ubuntu jammy/universe amd64 libpsm2-2 amd64 11.2.185-1 [182 kB]
#14 ...

#16 [phase2-seq-design 3/6] RUN apt-get update && apt-get install -y     wget curl git python3.10 python3-pip     build-essential     && rm -rf /var/lib/apt/lists/*
#16 56.76 Selecting previously unselected package libcurl4:amd64.
#16 56.77 Preparing to unpack .../24-libcurl4_7.81.0-1ubuntu1.29_amd64.deb ...
#16 56.81 Unpacking libcurl4:amd64 (7.81.0-1ubuntu1.29) ...
#16 57.09 Selecting previously unselected package curl.
#16 57.09 Preparing to unpack .../25-curl_7.81.0-1ubuntu1.29_amd64.deb ...
#16 57.12 Unpacking curl (7.81.0-1ubuntu1.29) ...
#16 57.34 Selecting previously unselected package libcurl3-gnutls:amd64.
#16 57.34 Preparing to unpack .../26-libcurl3-gnutls_7.81.0-1ubuntu1.29_amd64.deb ...
#16 57.38 Unpacking libcurl3-gnutls:amd64 (7.81.0-1ubuntu1.29) ...
#16 57.78 Selecting previously unselected package liberror-perl.
#16 57.78 Preparing to unpack .../27-liberror-perl_0.17029-1_all.deb ...
#16 57.83 Unpacking liberror-perl (0.17029-1) ...
#16 58.20 Selecting previously unselected package git-man.
#16 58.21 Preparing to unpack .../28-git-man_1%3a2.34.1-1ubuntu1.17_all.deb ...
#16 58.27 Unpacking git-man (1:2.34.1-1ubuntu1.17) ...
#16 58.58 Selecting previously unselected package git.
#16 58.58 Preparing to unpack .../29-git_1%3a2.34.1-1ubuntu1.17_amd64.deb ...
#16 58.62 Unpacking git (1:2.34.1-1ubuntu1.17) ...
#16 59.53 Selecting previously unselected package javascript-common.
#16 59.53 Preparing to unpack .../30-javascript-common_11+nmu1_all.deb ...
#16 59.58 Unpacking javascript-common (11+nmu1) ...
#16 59.83 Selecting previously unselected package libexpat1-dev:amd64.
#16 59.84 Preparing to unpack .../31-libexpat1-dev_2.4.7-1ubuntu0.9_amd64.deb ...
#16 59.86 Unpacking libexpat1-dev:amd64 (2.4.7-1ubuntu0.9) ...
#16 60.27 Selecting previously unselected package libjs-jquery.
#16 60.27 Preparing to unpack .../32-libjs-jquery_3.6.0+dfsg+~3.5.13-1_all.deb ...
#16 60.34 Unpacking libjs-jquery (3.6.0+dfsg+~3.5.13-1) ...
#16 60.61 Selecting previously unselected package libjs-underscore.
#16 60.61 Preparing to unpack .../33-libjs-underscore_1.13.2~dfsg-2_all.deb ...
#16 60.68 Unpacking libjs-underscore (1.13.2~dfsg-2) ...
#16 60.97 Selecting previously unselected package libjs-sphinxdoc.
#16 60.97 Preparing to unpack .../34-libjs-sphinxdoc_4.3.2-1_all.deb ...
#16 61.01 Unpacking libjs-sphinxdoc (4.3.2-1) ...
#16 61.32 Selecting previously unselected package libpython3.10:amd64.
#16 61.33 Preparing to unpack .../35-libpython3.10_3.10.12-1~22.04.18_amd64.deb ...
#16 61.37 Unpacking libpython3.10:amd64 (3.10.12-1~22.04.18) ...
#16 61.78 Selecting previously unselected package zlib1g-dev:amd64.
#16 61.79 Preparing to unpack .../36-zlib1g-dev_1%3a1.2.11.dfsg-2ubuntu9.2_amd64.deb ...
#16 61.84 Unpacking zlib1g-dev:amd64 (1:1.2.11.dfsg-2ubuntu9.2) ...
#16 62.08 Selecting previously unselected package libpython3.10-dev:amd64.
#16 62.09 Preparing to unpack .../37-libpython3.10-dev_3.10.12-1~22.04.18_amd64.deb ...
#16 62.14 Unpacking libpython3.10-dev:amd64 (3.10.12-1~22.04.18) ...
#16 62.98 Selecting previously unselected package libpython3-dev:amd64.
#16 62.98 Preparing to unpack .../38-libpython3-dev_3.10.6-1~22.04.1_amd64.deb ...
#16 63.03 Unpacking libpython3-dev:amd64 (3.10.6-1~22.04.1) ...
#16 63.35 Selecting previously unselected package python3.10-dev.
#16 63.35 Preparing to unpack .../39-python3.10-dev_3.10.12-1~22.04.18_amd64.deb ...
#16 63.42 Unpacking python3.10-dev (3.10.12-1~22.04.18) ...
#16 63.79 Selecting previously unselected package python3-lib2to3.
#16 63.79 Preparing to unpack .../40-python3-lib2to3_3.10.8-1~22.04_all.deb ...
#16 63.85 Unpacking python3-lib2to3 (3.10.8-1~22.04) ...
#16 ...

#14 [phase3b-complex 3/9] RUN apt-get update && apt-get install -y     wget curl git python3.10 python3-pip     build-essential openmpi-bin libopenmpi-dev     && rm -rf /var/lib/apt/lists/*
#14 56.89 Get:83 http://archive.ubuntu.com/ubuntu jammy/main amd64 librdmacm1 amd64 39.0-1 [71.2 kB]
#14 56.98 Get:84 http://archive.ubuntu.com/ubuntu jammy/universe amd64 libfabric1 amd64 1.11.0-3 [558 kB]
#14 57.12 Get:85 http://archive.ubuntu.com/ubuntu jammy-updates/universe amd64 libhwloc15 amd64 2.7.0-2ubuntu1 [159 kB]
#14 57.25 Get:86 http://archive.ubuntu.com/ubuntu jammy/main amd64 libpciaccess0 amd64 0.16-3 [19.1 kB]
#14 57.33 Get:87 http://archive.ubuntu.com/ubuntu jammy/universe amd64 ocl-icd-libopencl1 amd64 2.2.14-3 [39.1 kB]
#14 57.42 Get:88 http://archive.ubuntu.com/ubuntu jammy-updates/universe amd64 libhwloc-plugins amd64 2.7.0-2ubuntu1 [15.6 kB]
#14 57.51 Get:89 http://archive.ubuntu.com/ubuntu jammy/universe amd64 libpmix2 amd64 4.1.2-2ubuntu1 [604 kB]
#14 57.65 Get:90 http://archive.ubuntu.com/ubuntu jammy/universe amd64 libucx0 amd64 1.12.1~rc2-1 [891 kB]
#14 57.84 Get:91 http://archive.ubuntu.com/ubuntu jammy/universe amd64 libopenmpi3 amd64 4.1.2-2ubuntu1 [2594 kB]
#14 58.39 Get:92 http://archive.ubuntu.com/ubuntu jammy/universe amd64 libcaf-openmpi-3 amd64 2.9.2-3 [36.5 kB]
#14 58.48 Get:93 http://archive.ubuntu.com/ubuntu jammy/universe amd64 libcoarrays-dev amd64 2.9.2-3 [40.5 kB]
#14 58.57 Get:94 http://archive.ubuntu.com/ubuntu jammy/universe amd64 openmpi-common all 4.1.2-2ubuntu1 [162 kB]
#14 58.68 Get:95 http://archive.ubuntu.com/ubuntu jammy/universe amd64 openmpi-bin amd64 4.1.2-2ubuntu1 [116 kB]
#14 58.79 Get:96 http://archive.ubuntu.com/ubuntu jammy/universe amd64 libcoarrays-openmpi-dev amd64 2.9.2-3 [452 kB]
#14 58.95 Get:97 http://archive.ubuntu.com/ubuntu jammy-updates/main amd64 libevent-2.1-7 amd64 2.1.12-stable-1ubuntu0.2 [149 kB]
#14 59.06 Get:98 http://archive.ubuntu.com/ubuntu jammy-updates/main amd64 libevent-extra-2.1-7 amd64 2.1.12-stable-1ubuntu0.2 [65.7 kB]
#14 59.16 Get:99 http://archive.ubuntu.com/ubuntu jammy-updates/main amd64 libevent-openssl-2.1-7 amd64 2.1.12-stable-1ubuntu0.2 [15.7 kB]
#14 59.24 Get:100 http://archive.ubuntu.com/ubuntu jammy-updates/main amd64 libevent-dev amd64 2.1.12-stable-1ubuntu0.2 [279 kB]
#14 59.35 Get:101 http://archive.ubuntu.com/ubuntu jammy-updates/main amd64 libexpat1-dev amd64 2.4.7-1ubuntu0.9 [151 kB]
#14 59.47 Get:102 http://archive.ubuntu.com/ubuntu jammy/main amd64 libjs-jquery all 3.6.0+dfsg+~3.5.13-1 [321 kB]
#14 59.59 Get:103 http://archive.ubuntu.com/ubuntu jammy/universe amd64 libjs-jquery-ui all 1.13.1+dfsg-1 [253 kB]
#14 59.70 Get:104 http://archive.ubuntu.com/ubuntu jammy/main amd64 libjs-underscore all 1.13.2~dfsg-2 [118 kB]
#14 59.80 Get:105 http://archive.ubuntu.com/ubuntu jammy/main amd64 libjs-sphinxdoc all 4.3.2-1 [139 kB]
#14 59.90 Get:106 http://archive.ubuntu.com/ubuntu jammy/main amd64 libltdl7 amd64 2.4.6-15build2 [39.6 kB]
#14 59.98 Get:107 http://archive.ubuntu.com/ubuntu jammy/main amd64 libltdl-dev amd64 2.4.6-15build2 [169 kB]
#14 60.08 Get:108 http://archive.ubuntu.com/ubuntu jammy/main amd64 libnl-3-dev amd64 3.5.0-0.1 [101 kB]
#14 60.18 Get:109 http://archive.ubuntu.com/ubuntu jammy/main amd64 libnl-route-3-dev amd64 3.5.0-0.1 [202 kB]
#14 60.28 Get:110 http://archive.ubuntu.com/ubuntu jammy/main amd64 libnuma-dev amd64 2.0.14-3ubuntu2 [35.9 kB]
#14 60.38 Get:111 http://archive.ubuntu.com/ubuntu jammy-updates/universe amd64 libhwloc-dev amd64 2.7.0-2ubuntu1 [256 kB]
#14 60.47 Get:112 http://archive.ubuntu.com/ubuntu jammy-updates/main amd64 zlib1g-dev amd64 1:1.2.11.dfsg-2ubuntu9.2 [164 kB]
#14 60.58 Get:113 http://archive.ubuntu.com/ubuntu jammy/universe amd64 libpmix-dev amd64 4.1.2-2ubuntu1 [805 kB]
#14 60.73 Get:114 http://archive.ubuntu.com/ubuntu jammy-updates/main amd64 libpython3.10 amd64 3.10.12-1~22.04.18 [1950 kB]
#14 60.99 Get:115 http://archive.ubuntu.com/ubuntu jammy-updates/main amd64 libpython3.10-dev amd64 3.10.12-1~22.04.18 [4765 kB]
#14 61.54 Get:116 http://archive.ubuntu.com/ubuntu jammy-updates/main amd64 libpython3-dev amd64 3.10.6-1~22.04.1 [7064 B]
#14 61.63 Get:117 http://archive.ubuntu.com/ubuntu jammy/main amd64 libtool all 2.4.6-15build2 [164 kB]
#14 61.74 Get:118 http://archive.ubuntu.com/ubuntu jammy-updates/main amd64 python3.10-dev amd64 3.10.12-1~22.04.18 [508 kB]
#14 61.88 Get:119 http://archive.ubuntu.com/ubuntu jammy-updates/main amd64 python3-lib2to3 all 3.10.8-1~22.04 [77.6 kB]
#14 61.96 Get:120 http://archive.ubuntu.com/ubuntu jammy-updates/main amd64 python3-distutils all 3.10.8-1~22.04 [139 kB]
#14 62.06 Get:121 http://archive.ubuntu.com/ubuntu jammy-updates/main amd64 python3-dev amd64 3.10.6-1~22.04.1 [26.0 kB]
#14 62.15 Get:122 http://archive.ubuntu.com/ubuntu jammy-updates/main amd64 python3-setuptools all 59.6.0-1.2ubuntu0.22.04.3 [340 kB]
#14 62.27 Get:123 http://archive.ubuntu.com/ubuntu jammy-updates/universe amd64 python3-wheel all 0.37.1-2ubuntu0.22.04.1 [32.0 kB]
#14 62.36 Get:124 http://archive.ubuntu.com/ubuntu jammy-updates/universe amd64 python3-pip all 22.0.2+dfsg-1ubuntu0.7 [1306 kB]
#14 62.62 Get:125 http://archive.ubuntu.com/ubuntu jammy/main amd64 libibverbs-dev amd64 39.0-1 [628 kB]
#14 62.79 Get:126 http://archive.ubuntu.com/ubuntu jammy/universe amd64 libopenmpi-dev amd64 4.1.2-2ubuntu1 [867 kB]
#14 63.35 debconf: delaying package configuration, since apt-utils is not installed
#14 63.49 Fetched 115 MB in 27s (4347 kB/s)
#14 63.76 Selecting previously unselected package libpython3.10-minimal:amd64.
#14 63.76 (Reading database ... 
(Reading database ... 5%
(Reading database ... 10%
(Reading database ... 15%
(Reading database ... 20%
(Reading database ... 25%
(Reading database ... 30%
(Reading database ... 35%
(Reading database ... 40%
(Reading database ... 45%
(Reading database ... 50%
(Reading database ... 55%
(Reading database ... 60%
(Reading database ... 65%
(Reading database ... 70%
(Reading database ... 75%
(Reading database ... 80%
(Reading database ... 85%
(Reading database ... 90%
(Reading database ... 95%
(Reading database ... 100%
(Reading database ... 14736 files and directories currently installed.)
#14 63.91 Preparing to unpack .../libpython3.10-minimal_3.10.12-1~22.04.18_amd64.deb ...
#14 63.98 Unpacking libpython3.10-minimal:amd64 (3.10.12-1~22.04.18) ...
#14 ...

#16 [phase2-seq-design 3/6] RUN apt-get update && apt-get install -y     wget curl git python3.10 python3-pip     build-essential     && rm -rf /var/lib/apt/lists/*
#16 64.54 Selecting previously unselected package python3-distutils.
#16 64.54 Preparing to unpack .../41-python3-distutils_3.10.8-1~22.04_all.deb ...
#16 64.60 Unpacking python3-distutils (3.10.8-1~22.04) ...
#16 65.01 Selecting previously unselected package python3-dev.
#16 65.01 Preparing to unpack .../42-python3-dev_3.10.6-1~22.04.1_amd64.deb ...
#16 65.06 Unpacking python3-dev (3.10.6-1~22.04.1) ...
#16 65.42 Selecting previously unselected package python3-setuptools.
#16 65.42 Preparing to unpack .../43-python3-setuptools_59.6.0-1.2ubuntu0.22.04.3_all.deb ...
#16 65.47 Unpacking python3-setuptools (59.6.0-1.2ubuntu0.22.04.3) ...
#16 ...

#15 [phase1-backbone-gen 3/6] RUN apt-get update && apt-get install -y     wget curl git python3.10 python3-pip     build-essential libopenmpi-dev openmpi-bin     && rm -rf /var/lib/apt/lists/*
#15 55.64 Selecting previously unselected package libpython3.10-minimal:amd64.
#15 55.64 (Reading database ... 
(Reading database ... 5%
(Reading database ... 10%
(Reading database ... 15%
(Reading database ... 20%
(Reading database ... 25%
(Reading database ... 30%
(Reading database ... 35%
(Reading database ... 40%
(Reading database ... 45%
(Reading database ... 50%
(Reading database ... 55%
(Reading database ... 60%
(Reading database ... 65%
(Reading database ... 70%
(Reading database ... 75%
(Reading database ... 80%
(Reading database ... 85%
(Reading database ... 90%
(Reading database ... 95%
(Reading database ... 100%
(Reading database ... 14736 files and directories currently installed.)
#15 55.75 Preparing to unpack .../libpython3.10-minimal_3.10.12-1~22.04.18_amd64.deb ...
#15 55.80 Unpacking libpython3.10-minimal:amd64 (3.10.12-1~22.04.18) ...
#15 56.63 Selecting previously unselected package libexpat1:amd64.
#15 56.63 Preparing to unpack .../libexpat1_2.4.7-1ubuntu0.9_amd64.deb ...
#15 56.74 Unpacking libexpat1:amd64 (2.4.7-1ubuntu0.9) ...
#15 57.04 Selecting previously unselected package python3.10-minimal.
#15 57.04 Preparing to unpack .../python3.10-minimal_3.10.12-1~22.04.18_amd64.deb ...
#15 57.13 Unpacking python3.10-minimal (3.10.12-1~22.04.18) ...
#15 57.62 Setting up libpython3.10-minimal:amd64 (3.10.12-1~22.04.18) ...
#15 57.81 Setting up libexpat1:amd64 (2.4.7-1ubuntu0.9) ...
#15 57.94 Setting up python3.10-minimal (3.10.12-1~22.04.18) ...
#15 59.82 Selecting previously unselected package python3-minimal.
#15 59.82 (Reading database ... 
(Reading database ... 5%
(Reading database ... 10%
(Reading database ... 15%
(Reading database ... 20%
(Reading database ... 25%
(Reading database ... 30%
(Reading database ... 35%
(Reading database ... 40%
(Reading database ... 45%
(Reading database ... 50%
(Reading database ... 55%
(Reading database ... 60%
(Reading database ... 65%
(Reading database ... 70%
(Reading database ... 75%
(Reading database ... 80%
(Reading database ... 85%
(Reading database ... 90%
(Reading database ... 95%
(Reading database ... 100%
(Reading database ... 15040 files and directories currently installed.)
#15 59.85 Preparing to unpack .../0-python3-minimal_3.10.6-1~22.04.1_amd64.deb ...
#15 59.88 Unpacking python3-minimal (3.10.6-1~22.04.1) ...
#15 60.18 Selecting previously unselected package media-types.
#15 60.18 Preparing to unpack .../1-media-types_7.0.0_all.deb ...
#15 60.24 Unpacking media-types (7.0.0) ...
#15 60.56 Preparing to unpack .../2-libatomic1_12.3.0-1ubuntu1~22.04.3_amd64.deb ...
#15 60.71 Unpacking libatomic1:amd64 (12.3.0-1ubuntu1~22.04.3) over (12.3.0-1ubuntu1~22.04) ...
#15 61.11 Preparing to unpack .../3-libubsan1_12.3.0-1ubuntu1~22.04.3_amd64.deb ...
#15 61.24 Unpacking libubsan1:amd64 (12.3.0-1ubuntu1~22.04.3) over (12.3.0-1ubuntu1~22.04) ...
#15 61.76 Preparing to unpack .../4-libquadmath0_12.3.0-1ubuntu1~22.04.3_amd64.deb ...
#15 61.89 Unpacking libquadmath0:amd64 (12.3.0-1ubuntu1~22.04.3) over (12.3.0-1ubuntu1~22.04) ...
#15 62.25 Preparing to unpack .../5-liblsan0_12.3.0-1ubuntu1~22.04.3_amd64.deb ...
#15 62.34 Unpacking liblsan0:amd64 (12.3.0-1ubuntu1~22.04.3) over (12.3.0-1ubuntu1~22.04) ...
#15 63.04 Preparing to unpack .../6-libitm1_12.3.0-1ubuntu1~22.04.3_amd64.deb ...
#15 63.20 Unpacking libitm1:amd64 (12.3.0-1ubuntu1~22.04.3) over (12.3.0-1ubuntu1~22.04) ...
#15 63.74 Preparing to unpack .../7-libgomp1_12.3.0-1ubuntu1~22.04.3_amd64.deb ...
#15 63.93 Unpacking libgomp1:amd64 (12.3.0-1ubuntu1~22.04.3) over (12.3.0-1ubuntu1~22.04) ...
#15 64.37 Preparing to unpack .../8-gcc-12-base_12.3.0-1ubuntu1~22.04.3_amd64.deb ...
#15 64.57 Unpacking gcc-12-base:amd64 (12.3.0-1ubuntu1~22.04.3) over (12.3.0-1ubuntu1~22.04) ...
#15 64.97 Setting up gcc-12-base:amd64 (12.3.0-1ubuntu1~22.04.3) ...
#15 65.40 (Reading database ... 
(Reading database ... 5%
(Reading database ... 10%
(Reading database ... 15%
(Reading database ... 20%
(Reading database ... 25%
(Reading database ... 30%
(Reading database ... 35%
(Reading database ... 40%
(Reading database ... 45%
(Reading database ... 50%
(Reading database ... 55%
(Reading database ... 60%
(Reading database ... 65%
(Reading database ... 70%
(Reading database ... 75%
(Reading database ... 80%
(Reading database ... 85%
(Reading database ... 90%
(Reading database ... 95%
(Reading database ... 100%
(Reading database ... 15067 files and directories currently installed.)
#15 65.41 Preparing to unpack .../libgcc-s1_12.3.0-1ubuntu1~22.04.3_amd64.deb ...
#15 65.55 Unpacking libgcc-s1:amd64 (12.3.0-1ubuntu1~22.04.3) over (12.3.0-1ubuntu1~22.04) ...
#15 ...

#14 [phase3b-complex 3/9] RUN apt-get update && apt-get install -y     wget curl git python3.10 python3-pip     build-essential openmpi-bin libopenmpi-dev     && rm -rf /var/lib/apt/lists/*
#14 65.00 Selecting previously unselected package libexpat1:amd64.
#14 65.00 Preparing to unpack .../libexpat1_2.4.7-1ubuntu0.9_amd64.deb ...
#14 65.10 Unpacking libexpat1:amd64 (2.4.7-1ubuntu0.9) ...
#14 65.48 Selecting previously unselected package python3.10-minimal.
#14 65.48 Preparing to unpack .../python3.10-minimal_3.10.12-1~22.04.18_amd64.deb ...
#14 65.54 Unpacking python3.10-minimal (3.10.12-1~22.04.18) ...
#14 65.93 Setting up libpython3.10-minimal:amd64 (3.10.12-1~22.04.18) ...
#14 66.12 Setting up libexpat1:amd64 (2.4.7-1ubuntu0.9) ...
#14 66.28 Setting up python3.10-minimal (3.10.12-1~22.04.18) ...
#14 68.22 Selecting previously unselected package python3-minimal.
#14 68.22 (Reading database ... 
(Reading database ... 5%
(Reading database ... 10%
(Reading database ... 15%
(Reading database ... 20%
(Reading database ... 25%
(Reading database ... 30%
(Reading database ... 35%
(Reading database ... 40%
(Reading database ... 45%
(Reading database ... 50%
(Reading database ... 55%
(Reading database ... 60%
(Reading database ... 65%
(Reading database ... 70%
(Reading database ... 75%
(Reading database ... 80%
(Reading database ... 85%
(Reading database ... 90%
(Reading database ... 95%
(Reading database ... 100%
(Reading database ... 15040 files and directories currently installed.)
#14 68.24 Preparing to unpack .../0-python3-minimal_3.10.6-1~22.04.1_amd64.deb ...
#14 68.28 Unpacking python3-minimal (3.10.6-1~22.04.1) ...
#14 69.04 Selecting previously unselected package media-types.
#14 69.04 Preparing to unpack .../1-media-types_7.0.0_all.deb ...
#14 69.20 Unpacking media-types (7.0.0) ...
#14 70.02 Preparing to unpack .../2-libatomic1_12.3.0-1ubuntu1~22.04.3_amd64.deb ...
#14 70.13 Unpacking libatomic1:amd64 (12.3.0-1ubuntu1~22.04.3) over (12.3.0-1ubuntu1~22.04) ...
#14 70.52 Preparing to unpack .../3-libubsan1_12.3.0-1ubuntu1~22.04.3_amd64.deb ...
#14 70.65 Unpacking libubsan1:amd64 (12.3.0-1ubuntu1~22.04.3) over (12.3.0-1ubuntu1~22.04) ...
#14 71.14 Preparing to unpack .../4-libquadmath0_12.3.0-1ubuntu1~22.04.3_amd64.deb ...
#14 71.29 Unpacking libquadmath0:amd64 (12.3.0-1ubuntu1~22.04.3) over (12.3.0-1ubuntu1~22.04) ...
#14 71.66 Preparing to unpack .../5-liblsan0_12.3.0-1ubuntu1~22.04.3_amd64.deb ...
#14 71.81 Unpacking liblsan0:amd64 (12.3.0-1ubuntu1~22.04.3) over (12.3.0-1ubuntu1~22.04) ...
#14 ...

#15 [phase1-backbone-gen 3/6] RUN apt-get update && apt-get install -y     wget curl git python3.10 python3-pip     build-essential libopenmpi-dev openmpi-bin     && rm -rf /var/lib/apt/lists/*
#15 65.89 Setting up libgcc-s1:amd64 (12.3.0-1ubuntu1~22.04.3) ...
#15 66.32 (Reading database ... 
(Reading database ... 5%
(Reading database ... 10%
(Reading database ... 15%
(Reading database ... 20%
(Reading database ... 25%
(Reading database ... 30%
(Reading database ... 35%
(Reading database ... 40%
(Reading database ... 45%
(Reading database ... 50%
(Reading database ... 55%
(Reading database ... 60%
(Reading database ... 65%
(Reading database ... 70%
(Reading database ... 75%
(Reading database ... 80%
(Reading database ... 85%
(Reading database ... 90%
(Reading database ... 95%
(Reading database ... 100%
(Reading database ... 15067 files and directories currently installed.)
#15 66.36 Preparing to unpack .../libcc1-0_12.3.0-1ubuntu1~22.04.3_amd64.deb ...
#15 66.52 Unpacking libcc1-0:amd64 (12.3.0-1ubuntu1~22.04.3) over (12.3.0-1ubuntu1~22.04) ...
#15 66.86 Preparing to unpack .../libstdc++6_12.3.0-1ubuntu1~22.04.3_amd64.deb ...
#15 67.04 Unpacking libstdc++6:amd64 (12.3.0-1ubuntu1~22.04.3) over (12.3.0-1ubuntu1~22.04) ...
#15 67.44 Setting up libstdc++6:amd64 (12.3.0-1ubuntu1~22.04.3) ...
#15 67.82 Selecting previously unselected package libmpdec3:amd64.
#15 67.82 (Reading database ... 
(Reading database ... 5%
(Reading database ... 10%
(Reading database ... 15%
(Reading database ... 20%
(Reading database ... 25%
(Reading database ... 30%
(Reading database ... 35%
(Reading database ... 40%
(Reading database ... 45%
(Reading database ... 50%
(Reading database ... 55%
(Reading database ... 60%
(Reading database ... 65%
(Reading database ... 70%
(Reading database ... 75%
(Reading database ... 80%
(Reading database ... 85%
(Reading database ... 90%
(Reading database ... 95%
(Reading database ... 100%
(Reading database ... 15067 files and directories currently installed.)
#15 67.84 Preparing to unpack .../libmpdec3_2.5.1-2build2_amd64.deb ...
#15 67.87 Unpacking libmpdec3:amd64 (2.5.1-2build2) ...
#15 68.17 Selecting previously unselected package libpython3.10-stdlib:amd64.
#15 68.17 Preparing to unpack .../libpython3.10-stdlib_3.10.12-1~22.04.18_amd64.deb ...
#15 68.22 Unpacking libpython3.10-stdlib:amd64 (3.10.12-1~22.04.18) ...
#15 70.04 Selecting previously unselected package python3.10.
#15 70.04 Preparing to unpack .../python3.10_3.10.12-1~22.04.18_amd64.deb ...
#15 70.08 Unpacking python3.10 (3.10.12-1~22.04.18) ...
#15 70.34 Selecting previously unselected package libpython3-stdlib:amd64.
#15 70.34 Preparing to unpack .../libpython3-stdlib_3.10.6-1~22.04.1_amd64.deb ...
#15 70.39 Unpacking libpython3-stdlib:amd64 (3.10.6-1~22.04.1) ...
#15 70.64 Setting up python3-minimal (3.10.6-1~22.04.1) ...
#15 71.40 Selecting previously unselected package python3.
#15 71.40 (Reading database ... 
(Reading database ... 5%
(Reading database ... 10%
(Reading database ... 15%
(Reading database ... 20%
(Reading database ... 25%
(Reading database ... 30%
(Reading database ... 35%
(Reading database ... 40%
(Reading database ... 45%
(Reading database ... 50%
(Reading database ... 55%
(Reading database ... 60%
(Reading database ... 65%
(Reading database ... 70%
(Reading database ... 75%
(Reading database ... 80%
(Reading database ... 85%
(Reading database ... 90%
(Reading database ... 95%
(Reading database ... 100%
(Reading database ... 15441 files and directories currently installed.)
#15 71.42 Preparing to unpack .../000-python3_3.10.6-1~22.04.1_amd64.deb ...
#15 71.47 Unpacking python3 (3.10.6-1~22.04.1) ...
#15 71.78 Selecting previously unselected package less.
#15 71.78 Preparing to unpack .../001-less_590-1ubuntu0.22.04.3_amd64.deb ...
#15 71.82 Unpacking less (590-1ubuntu0.22.04.3) ...
#15 72.26 Selecting previously unselected package libmd0:amd64.
#15 72.26 Preparing to unpack .../002-libmd0_1.0.4-1build1_amd64.deb ...
#15 72.33 Unpacking libmd0:amd64 (1.0.4-1build1) ...
#15 72.74 Selecting previously unselected package libbsd0:amd64.
#15 72.74 Preparing to unpack .../003-libbsd0_0.11.5-1_amd64.deb ...
#15 72.78 Unpacking libbsd0:amd64 (0.11.5-1) ...
#15 73.05 Selecting previously unselected package libicu70:amd64.
#15 73.05 Preparing to unpack .../004-libicu70_70.1-2_amd64.deb ...
#15 73.09 Unpacking libicu70:amd64 (70.1-2) ...
#15 73.76 Selecting previously unselected package libxml2:amd64.
#15 73.76 Preparing to unpack .../005-libxml2_2.9.13+dfsg-1ubuntu0.13_amd64.deb ...
#15 73.80 Unpacking libxml2:amd64 (2.9.13+dfsg-1ubuntu0.13) ...
#15 74.17 Selecting previously unselected package python3-pkg-resources.
#15 74.17 Preparing to unpack .../006-python3-pkg-resources_59.6.0-1.2ubuntu0.22.04.3_all.deb ...
#15 74.22 Unpacking python3-pkg-resources (59.6.0-1.2ubuntu0.22.04.3) ...
#15 ...

#14 [phase3b-complex 3/9] RUN apt-get update && apt-get install -y     wget curl git python3.10 python3-pip     build-essential openmpi-bin libopenmpi-dev     && rm -rf /var/lib/apt/lists/*
#14 72.46 Preparing to unpack .../6-libitm1_12.3.0-1ubuntu1~22.04.3_amd64.deb ...
#14 72.66 Unpacking libitm1:amd64 (12.3.0-1ubuntu1~22.04.3) over (12.3.0-1ubuntu1~22.04) ...
#14 73.03 Preparing to unpack .../7-libgomp1_12.3.0-1ubuntu1~22.04.3_amd64.deb ...
#14 73.17 Unpacking libgomp1:amd64 (12.3.0-1ubuntu1~22.04.3) over (12.3.0-1ubuntu1~22.04) ...
#14 73.49 Preparing to unpack .../8-gcc-12-base_12.3.0-1ubuntu1~22.04.3_amd64.deb ...
#14 73.62 Unpacking gcc-12-base:amd64 (12.3.0-1ubuntu1~22.04.3) over (12.3.0-1ubuntu1~22.04) ...
#14 73.97 Setting up gcc-12-base:amd64 (12.3.0-1ubuntu1~22.04.3) ...
#14 74.30 (Reading database ... 
(Reading database ... 5%
(Reading database ... 10%
(Reading database ... 15%
(Reading database ... 20%
(Reading database ... 25%
(Reading database ... 30%
(Reading database ... 35%
(Reading database ... 40%
(Reading database ... 45%
(Reading database ... 50%
(Reading database ... 55%
(Reading database ... 60%
(Reading database ... 65%
(Reading database ... 70%
(Reading database ... 75%
(Reading database ... 80%
(Reading database ... 85%
(Reading database ... 90%
(Reading database ... 95%
(Reading database ... 100%
(Reading database ... 15067 files and directories currently installed.)
#14 74.31 Preparing to unpack .../libgcc-s1_12.3.0-1ubuntu1~22.04.3_amd64.deb ...
#14 74.44 Unpacking libgcc-s1:amd64 (12.3.0-1ubuntu1~22.04.3) over (12.3.0-1ubuntu1~22.04) ...
#14 74.75 Setting up libgcc-s1:amd64 (12.3.0-1ubuntu1~22.04.3) ...
#14 75.22 (Reading database ... 
(Reading database ... 5%
(Reading database ... 10%
(Reading database ... 15%
(Reading database ... 20%
(Reading database ... 25%
(Reading database ... 30%
(Reading database ... 35%
(Reading database ... 40%
(Reading database ... 45%
(Reading database ... 50%
(Reading database ... 55%
(Reading database ... 60%
(Reading database ... 65%
(Reading database ... 70%
(Reading database ... 75%
(Reading database ... 80%
(Reading database ... 85%
(Reading database ... 90%
(Reading database ... 95%
(Reading database ... 100%
(Reading database ... 15067 files and directories currently installed.)
#14 75.27 Preparing to unpack .../libcc1-0_12.3.0-1ubuntu1~22.04.3_amd64.deb ...
#14 75.55 Unpacking libcc1-0:amd64 (12.3.0-1ubuntu1~22.04.3) over (12.3.0-1ubuntu1~22.04) ...
#14 ...

#16 [phase2-seq-design 3/6] RUN apt-get update && apt-get install -y     wget curl git python3.10 python3-pip     build-essential     && rm -rf /var/lib/apt/lists/*
#16 65.95 Selecting previously unselected package python3-wheel.
#16 65.96 Preparing to unpack .../44-python3-wheel_0.37.1-2ubuntu0.22.04.1_all.deb ...
#16 66.01 Unpacking python3-wheel (0.37.1-2ubuntu0.22.04.1) ...
#16 66.43 Selecting previously unselected package python3-pip.
#16 66.43 Preparing to unpack .../45-python3-pip_22.0.2+dfsg-1ubuntu0.7_all.deb ...
#16 66.48 Unpacking python3-pip (22.0.2+dfsg-1ubuntu0.7) ...
#16 67.74 Setting up media-types (7.0.0) ...
#16 67.91 Setting up javascript-common (11+nmu1) ...
#16 68.20 Setting up libxau6:amd64 (1:1.0.9-1build5) ...
#16 68.32 Setting up libpsl5:amd64 (0.21.0-1.2build2) ...
#16 68.52 Setting up wget (1.21.2-2ubuntu1.5) ...
#16 69.32 Setting up libcbor0.8:amd64 (0.8.0-2ubuntu1) ...
#16 69.86 Setting up libbrotli1:amd64 (1.0.9-2build6) ...
#16 70.02 Setting up libnghttp2-14:amd64 (1.43.0-1ubuntu0.4) ...
#16 70.14 Setting up less (590-1ubuntu0.22.04.3) ...
#16 70.38 Setting up liberror-perl (0.17029-1) ...
#16 70.52 Setting up libexpat1-dev:amd64 (2.4.7-1ubuntu0.9) ...
#16 70.65 Setting up libx11-data (2:1.7.5-1ubuntu0.3) ...
#16 70.83 Setting up librtmp1:amd64 (2.4+20151223.gitfa8646d.1-2build4) ...
#16 71.00 Setting up libssh-4:amd64 (0.9.6-2ubuntu0.22.04.8) ...
#16 71.14 Setting up zlib1g-dev:amd64 (1:1.2.11.dfsg-2ubuntu9.2) ...
#16 71.27 Setting up libmd0:amd64 (1.0.4-1build1) ...
#16 71.42 Setting up libmpdec3:amd64 (2.5.1-2build2) ...
#16 71.56 Setting up libcurl4:amd64 (7.81.0-1ubuntu1.29) ...
#16 71.70 Setting up git-man (1:2.34.1-1ubuntu1.17) ...
#16 71.84 Setting up curl (7.81.0-1ubuntu1.29) ...
#16 72.03 Setting up libjs-jquery (3.6.0+dfsg+~3.5.13-1) ...
#16 72.26 Setting up libfido2-1:amd64 (1.10.0-1) ...
#16 72.47 Setting up libbsd0:amd64 (0.11.5-1) ...
#16 72.67 Setting up publicsuffix (20211207.1025-1) ...
#16 72.81 Setting up libjs-underscore (1.13.2~dfsg-2) ...
#16 72.95 Setting up libxdmcp6:amd64 (1:1.1.3-0ubuntu5) ...
#16 73.09 Setting up libxcb1:amd64 (1.14-3ubuntu3) ...
#16 73.22 Setting up libedit2:amd64 (3.1-20210910-1build1) ...
#16 73.36 Setting up libcurl3-gnutls:amd64 (7.81.0-1ubuntu1.29) ...
#16 73.48 Setting up libpython3.10-stdlib:amd64 (3.10.12-1~22.04.18) ...
#16 73.62 Setting up git (1:2.34.1-1ubuntu1.17) ...
#16 73.79 Setting up libjs-sphinxdoc (4.3.2-1) ...
#16 73.93 Setting up libx11-6:amd64 (2:1.7.5-1ubuntu0.3) ...
#16 74.08 Setting up libxmuu1:amd64 (2:1.1.3-3) ...
#16 74.20 Setting up libpython3-stdlib:amd64 (3.10.6-1~22.04.1) ...
#16 74.31 Setting up libpython3.10:amd64 (3.10.12-1~22.04.18) ...
#16 74.44 Setting up python3.10 (3.10.12-1~22.04.18) ...
#16 ...

#15 [phase1-backbone-gen 3/6] RUN apt-get update && apt-get install -y     wget curl git python3.10 python3-pip     build-essential libopenmpi-dev openmpi-bin     && rm -rf /var/lib/apt/lists/*
#15 74.49 Selecting previously unselected package libmagic-mgc.
#15 74.50 Preparing to unpack .../007-libmagic-mgc_1%3a5.41-3ubuntu0.1_amd64.deb ...
#15 74.54 Unpacking libmagic-mgc (1:5.41-3ubuntu0.1) ...
#15 75.12 Selecting previously unselected package libmagic1:amd64.
#15 75.13 Preparing to unpack .../008-libmagic1_1%3a5.41-3ubuntu0.1_amd64.deb ...
#15 75.19 Unpacking libmagic1:amd64 (1:5.41-3ubuntu0.1) ...
#15 75.66 Selecting previously unselected package file.
#15 75.66 Preparing to unpack .../009-file_1%3a5.41-3ubuntu0.1_amd64.deb ...
#15 75.73 Unpacking file (1:5.41-3ubuntu0.1) ...
#15 76.53 Selecting previously unselected package libcbor0.8:amd64.
#15 76.53 Preparing to unpack .../010-libcbor0.8_0.8.0-2ubuntu1_amd64.deb ...
#15 76.60 Unpacking libcbor0.8:amd64 (0.8.0-2ubuntu1) ...
#15 77.14 Selecting previously unselected package libedit2:amd64.
#15 77.14 Preparing to unpack .../011-libedit2_3.1-20210910-1build1_amd64.deb ...
#15 77.18 Unpacking libedit2:amd64 (3.1-20210910-1build1) ...
#15 77.88 Selecting previously unselected package libfido2-1:amd64.
#15 77.88 Preparing to unpack .../012-libfido2-1_1.10.0-1_amd64.deb ...
#15 77.95 Unpacking libfido2-1:amd64 (1.10.0-1) ...
#15 78.64 Selecting previously unselected package libnghttp2-14:amd64.
#15 78.65 Preparing to unpack .../013-libnghttp2-14_1.43.0-1ubuntu0.4_amd64.deb ...
#15 78.73 Unpacking libnghttp2-14:amd64 (1.43.0-1ubuntu0.4) ...
#15 79.30 Selecting previously unselected package libnuma1:amd64.
#15 79.30 Preparing to unpack .../014-libnuma1_2.0.14-3ubuntu2_amd64.deb ...
#15 79.37 Unpacking libnuma1:amd64 (2.0.14-3ubuntu2) ...
#15 79.82 Selecting previously unselected package libpsl5:amd64.
#15 79.82 Preparing to unpack .../015-libpsl5_0.21.0-1.2build2_amd64.deb ...
#15 79.89 Unpacking libpsl5:amd64 (0.21.0-1.2build2) ...
#15 80.15 Selecting previously unselected package libxau6:amd64.
#15 80.15 Preparing to unpack .../016-libxau6_1%3a1.0.9-1build5_amd64.deb ...
#15 80.20 Unpacking libxau6:amd64 (1:1.0.9-1build5) ...
#15 80.51 Selecting previously unselected package libxdmcp6:amd64.
#15 80.51 Preparing to unpack .../017-libxdmcp6_1%3a1.1.3-0ubuntu5_amd64.deb ...
#15 80.57 Unpacking libxdmcp6:amd64 (1:1.1.3-0ubuntu5) ...
#15 80.93 Selecting previously unselected package libxcb1:amd64.
#15 80.93 Preparing to unpack .../018-libxcb1_1.14-3ubuntu3_amd64.deb ...
#15 80.95 Unpacking libxcb1:amd64 (1.14-3ubuntu3) ...
#15 81.25 Selecting previously unselected package libx11-data.
#15 81.25 Preparing to unpack .../019-libx11-data_2%3a1.7.5-1ubuntu0.3_all.deb ...
#15 81.30 Unpacking libx11-data (2:1.7.5-1ubuntu0.3) ...
#15 81.89 Selecting previously unselected package libx11-6:amd64.
#15 81.89 Preparing to unpack .../020-libx11-6_2%3a1.7.5-1ubuntu0.3_amd64.deb ...
#15 81.97 Unpacking libx11-6:amd64 (2:1.7.5-1ubuntu0.3) ...
#15 82.37 Selecting previously unselected package libxext6:amd64.
#15 82.37 Preparing to unpack .../021-libxext6_2%3a1.3.4-1build1_amd64.deb ...
#15 ...

#14 [phase3b-complex 3/9] RUN apt-get update && apt-get install -y     wget curl git python3.10 python3-pip     build-essential openmpi-bin libopenmpi-dev     && rm -rf /var/lib/apt/lists/*
#14 76.33 Preparing to unpack .../libstdc++6_12.3.0-1ubuntu1~22.04.3_amd64.deb ...
#14 76.64 Unpacking libstdc++6:amd64 (12.3.0-1ubuntu1~22.04.3) over (12.3.0-1ubuntu1~22.04) ...
#14 77.70 Setting up libstdc++6:amd64 (12.3.0-1ubuntu1~22.04.3) ...
#14 78.25 Selecting previously unselected package libmpdec3:amd64.
#14 78.25 (Reading database ... 
(Reading database ... 5%
(Reading database ... 10%
(Reading database ... 15%
(Reading database ... 20%
(Reading database ... 25%
(Reading database ... 30%
(Reading database ... 35%
(Reading database ... 40%
(Reading database ... 45%
(Reading database ... 50%
(Reading database ... 55%
(Reading database ... 60%
(Reading database ... 65%
(Reading database ... 70%
(Reading database ... 75%
(Reading database ... 80%
(Reading database ... 85%
(Reading database ... 90%
(Reading database ... 95%
(Reading database ... 100%
(Reading database ... 15067 files and directories currently installed.)
#14 78.52 Preparing to unpack .../libmpdec3_2.5.1-2build2_amd64.deb ...
#14 78.58 Unpacking libmpdec3:amd64 (2.5.1-2build2) ...
#14 78.99 Selecting previously unselected package libpython3.10-stdlib:amd64.
#14 79.00 Preparing to unpack .../libpython3.10-stdlib_3.10.12-1~22.04.18_amd64.deb ...
#14 79.06 Unpacking libpython3.10-stdlib:amd64 (3.10.12-1~22.04.18) ...
#14 80.39 Selecting previously unselected package python3.10.
#14 80.39 Preparing to unpack .../python3.10_3.10.12-1~22.04.18_amd64.deb ...
#14 80.43 Unpacking python3.10 (3.10.12-1~22.04.18) ...
#14 80.74 Selecting previously unselected package libpython3-stdlib:amd64.
#14 80.74 Preparing to unpack .../libpython3-stdlib_3.10.6-1~22.04.1_amd64.deb ...
#14 80.77 Unpacking libpython3-stdlib:amd64 (3.10.6-1~22.04.1) ...
#14 81.06 Setting up python3-minimal (3.10.6-1~22.04.1) ...
#14 82.27 Selecting previously unselected package python3.
#14 82.27 (Reading database ... 
(Reading database ... 5%
(Reading database ... 10%
(Reading database ... 15%
(Reading database ... 20%
(Reading database ... 25%
(Reading database ... 30%
(Reading database ... 35%
(Reading database ... 40%
(Reading database ... 45%
(Reading database ... 50%
(Reading database ... 55%
(Reading database ... 60%
(Reading database ... 65%
(Reading database ... 70%
(Reading database ... 75%
(Reading database ... 80%
(Reading database ... 85%
(Reading database ... 90%
(Reading database ... 95%
(Reading database ... 100%
(Reading database ... 15441 files and directories currently installed.)
#14 82.32 Preparing to unpack .../000-python3_3.10.6-1~22.04.1_amd64.deb ...
#14 82.39 Unpacking python3 (3.10.6-1~22.04.1) ...
#14 82.74 Selecting previously unselected package less.
#14 82.74 Preparing to unpack .../001-less_590-1ubuntu0.22.04.3_amd64.deb ...
#14 82.77 Unpacking less (590-1ubuntu0.22.04.3) ...
#14 83.12 Selecting previously unselected package libmd0:amd64.
#14 83.12 Preparing to unpack .../002-libmd0_1.0.4-1build1_amd64.deb ...
#14 83.17 Unpacking libmd0:amd64 (1.0.4-1build1) ...
#14 83.52 Selecting previously unselected package libbsd0:amd64.
#14 83.52 Preparing to unpack .../003-libbsd0_0.11.5-1_amd64.deb ...
#14 83.56 Unpacking libbsd0:amd64 (0.11.5-1) ...
#14 83.89 Selecting previously unselected package libicu70:amd64.
#14 83.90 Preparing to unpack .../004-libicu70_70.1-2_amd64.deb ...
#14 83.93 Unpacking libicu70:amd64 (70.1-2) ...
#14 ...

#15 [phase1-backbone-gen 3/6] RUN apt-get update && apt-get install -y     wget curl git python3.10 python3-pip     build-essential libopenmpi-dev openmpi-bin     && rm -rf /var/lib/apt/lists/*
#15 82.41 Unpacking libxext6:amd64 (2:1.3.4-1build1) ...
#15 82.77 Selecting previously unselected package libxmuu1:amd64.
#15 82.77 Preparing to unpack .../022-libxmuu1_2%3a1.1.3-3_amd64.deb ...
#15 82.81 Unpacking libxmuu1:amd64 (2:1.1.3-3) ...
#15 83.20 Selecting previously unselected package openssh-client.
#15 83.21 Preparing to unpack .../023-openssh-client_1%3a8.9p1-3ubuntu0.17_amd64.deb ...
#15 83.30 Unpacking openssh-client (1:8.9p1-3ubuntu0.17) ...
#15 83.84 Selecting previously unselected package publicsuffix.
#15 83.85 Preparing to unpack .../024-publicsuffix_20211207.1025-1_all.deb ...
#15 83.89 Unpacking publicsuffix (20211207.1025-1) ...
#15 84.66 Selecting previously unselected package wget.
#15 84.66 Preparing to unpack .../025-wget_1.21.2-2ubuntu1.5_amd64.deb ...
#15 84.70 Unpacking wget (1.21.2-2ubuntu1.5) ...
#15 85.03 Selecting previously unselected package xauth.
#15 85.03 Preparing to unpack .../026-xauth_1%3a1.1-1build2_amd64.deb ...
#15 85.09 Unpacking xauth (1:1.1-1build2) ...
#15 85.34 Selecting previously unselected package libsigsegv2:amd64.
#15 85.34 Preparing to unpack .../027-libsigsegv2_2.13-1ubuntu3_amd64.deb ...
#15 85.37 Unpacking libsigsegv2:amd64 (2.13-1ubuntu3) ...
#15 85.72 Selecting previously unselected package m4.
#15 85.74 Preparing to unpack .../028-m4_1.4.18-5ubuntu2_amd64.deb ...
#15 85.76 Unpacking m4 (1.4.18-5ubuntu2) ...
#15 86.12 Selecting previously unselected package autoconf.
#15 86.13 Preparing to unpack .../029-autoconf_2.71-2_all.deb ...
#15 86.17 Unpacking autoconf (2.71-2) ...
#15 ...

#16 [phase2-seq-design 3/6] RUN apt-get update && apt-get install -y     wget curl git python3.10 python3-pip     build-essential     && rm -rf /var/lib/apt/lists/*
#16 76.49 Setting up openssh-client (1:8.9p1-3ubuntu0.17) ...
#16 77.55 update-alternatives: using /usr/bin/ssh to provide /usr/bin/rsh (rsh) in auto mode
#16 77.55 update-alternatives: warning: skip creation of /usr/share/man/man1/rsh.1.gz because associated file /usr/share/man/man1/ssh.1.gz (of link group rsh) doesn't exist
#16 77.59 update-alternatives: using /usr/bin/slogin to provide /usr/bin/rlogin (rlogin) in auto mode
#16 77.59 update-alternatives: warning: skip creation of /usr/share/man/man1/rlogin.1.gz because associated file /usr/share/man/man1/slogin.1.gz (of link group rlogin) doesn't exist
#16 77.62 update-alternatives: using /usr/bin/scp to provide /usr/bin/rcp (rcp) in auto mode
#16 77.62 update-alternatives: warning: skip creation of /usr/share/man/man1/rcp.1.gz because associated file /usr/share/man/man1/scp.1.gz (of link group rcp) doesn't exist
#16 77.82 Setting up libxext6:amd64 (2:1.3.4-1build1) ...
#16 78.01 Setting up python3 (3.10.6-1~22.04.1) ...
#16 78.30 running python rtupdate hooks for python3.10...
#16 78.31 running python post-rtupdate hooks for python3.10...
#16 79.31 Setting up libpython3.10-dev:amd64 (3.10.12-1~22.04.18) ...
#16 79.47 Setting up python3.10-dev (3.10.12-1~22.04.18) ...
#16 79.63 Setting up xauth (1:1.1-1build2) ...
#16 79.75 Setting up python3-lib2to3 (3.10.8-1~22.04) ...
#16 80.27 Setting up python3-pkg-resources (59.6.0-1.2ubuntu0.22.04.3) ...
#16 81.28 Setting up python3-distutils (3.10.8-1~22.04) ...
#16 81.94 Setting up libpython3-dev:amd64 (3.10.6-1~22.04.1) ...
#16 82.12 Setting up python3-setuptools (59.6.0-1.2ubuntu0.22.04.3) ...
#16 83.72 Setting up python3-wheel (0.37.1-2ubuntu0.22.04.1) ...
#16 84.84 Setting up python3-dev (3.10.6-1~22.04.1) ...
#16 85.00 Setting up python3-pip (22.0.2+dfsg-1ubuntu0.7) ...
#16 ...

#14 [phase3b-complex 3/9] RUN apt-get update && apt-get install -y     wget curl git python3.10 python3-pip     build-essential openmpi-bin libopenmpi-dev     && rm -rf /var/lib/apt/lists/*
#14 86.92 Selecting previously unselected package libxml2:amd64.
#14 86.92 Preparing to unpack .../005-libxml2_2.9.13+dfsg-1ubuntu0.13_amd64.deb ...
#14 86.98 Unpacking libxml2:amd64 (2.9.13+dfsg-1ubuntu0.13) ...
#14 87.71 Selecting previously unselected package python3-pkg-resources.
#14 87.71 Preparing to unpack .../006-python3-pkg-resources_59.6.0-1.2ubuntu0.22.04.3_all.deb ...
#14 87.76 Unpacking python3-pkg-resources (59.6.0-1.2ubuntu0.22.04.3) ...
#14 88.03 Selecting previously unselected package libmagic-mgc.
#14 88.03 Preparing to unpack .../007-libmagic-mgc_1%3a5.41-3ubuntu0.1_amd64.deb ...
#14 88.09 Unpacking libmagic-mgc (1:5.41-3ubuntu0.1) ...
#14 88.55 Selecting previously unselected package libmagic1:amd64.
#14 88.55 Preparing to unpack .../008-libmagic1_1%3a5.41-3ubuntu0.1_amd64.deb ...
#14 88.58 Unpacking libmagic1:amd64 (1:5.41-3ubuntu0.1) ...
#14 88.79 Selecting previously unselected package file.
#14 88.79 Preparing to unpack .../009-file_1%3a5.41-3ubuntu0.1_amd64.deb ...
#14 88.82 Unpacking file (1:5.41-3ubuntu0.1) ...
#14 89.17 Selecting previously unselected package libcbor0.8:amd64.
#14 89.17 Preparing to unpack .../010-libcbor0.8_0.8.0-2ubuntu1_amd64.deb ...
#14 89.20 Unpacking libcbor0.8:amd64 (0.8.0-2ubuntu1) ...
#14 89.61 Selecting previously unselected package libedit2:amd64.
#14 89.61 Preparing to unpack .../011-libedit2_3.1-20210910-1build1_amd64.deb ...
#14 89.65 Unpacking libedit2:amd64 (3.1-20210910-1build1) ...
#14 90.05 Selecting previously unselected package libfido2-1:amd64.
#14 90.05 Preparing to unpack .../012-libfido2-1_1.10.0-1_amd64.deb ...
#14 90.08 Unpacking libfido2-1:amd64 (1.10.0-1) ...
#14 90.59 Selecting previously unselected package libnghttp2-14:amd64.
#14 90.59 Preparing to unpack .../013-libnghttp2-14_1.43.0-1ubuntu0.4_amd64.deb ...
#14 90.65 Unpacking libnghttp2-14:amd64 (1.43.0-1ubuntu0.4) ...
#14 ...

#16 [phase2-seq-design 3/6] RUN apt-get update && apt-get install -y     wget curl git python3.10 python3-pip     build-essential     && rm -rf /var/lib/apt/lists/*
#16 96.69 Processing triggers for libc-bin (2.35-0ubuntu3.4) ...
#16 ...

#15 [phase1-backbone-gen 3/6] RUN apt-get update && apt-get install -y     wget curl git python3.10 python3-pip     build-essential libopenmpi-dev openmpi-bin     && rm -rf /var/lib/apt/lists/*
#15 87.05 Selecting previously unselected package autotools-dev.
#15 87.06 Preparing to unpack .../030-autotools-dev_20220109.1_all.deb ...
#15 87.10 Unpacking autotools-dev (20220109.1) ...
#15 87.66 Selecting previously unselected package automake.
#15 87.66 Preparing to unpack .../031-automake_1%3a1.16.5-1.3_all.deb ...
#15 87.69 Unpacking automake (1:1.16.5-1.3) ...
#15 88.14 Preparing to unpack .../032-g++-11_11.4.0-1ubuntu1~22.04.3_amd64.deb ...
#15 88.22 Unpacking g++-11 (11.4.0-1ubuntu1~22.04.3) over (11.4.0-1ubuntu1~22.04) ...
#15 ...

#14 [phase3b-complex 3/9] RUN apt-get update && apt-get install -y     wget curl git python3.10 python3-pip     build-essential openmpi-bin libopenmpi-dev     && rm -rf /var/lib/apt/lists/*
#14 98.11 Selecting previously unselected package libnuma1:amd64.
#14 98.11 Preparing to unpack .../014-libnuma1_2.0.14-3ubuntu2_amd64.deb ...
#14 98.47 Unpacking libnuma1:amd64 (2.0.14-3ubuntu2) ...
#14 99.88 Selecting previously unselected package libpsl5:amd64.
#14 99.88 Preparing to unpack .../015-libpsl5_0.21.0-1.2build2_amd64.deb ...
#14 99.93 Unpacking libpsl5:amd64 (0.21.0-1.2build2) ...
#14 109.4 Selecting previously unselected package libxau6:amd64.
#14 109.4 Preparing to unpack .../016-libxau6_1%3a1.0.9-1build5_amd64.deb ...
#14 109.9 Unpacking libxau6:amd64 (1:1.0.9-1build5) ...
#14 ...

#15 [phase1-backbone-gen 3/6] RUN apt-get update && apt-get install -y     wget curl git python3.10 python3-pip     build-essential libopenmpi-dev openmpi-bin     && rm -rf /var/lib/apt/lists/*
#15 110.4 Preparing to unpack .../033-libstdc++-11-dev_11.4.0-1ubuntu1~22.04.3_amd64.deb ...
#15 110.6 Unpacking libstdc++-11-dev:amd64 (11.4.0-1ubuntu1~22.04.3) over (11.4.0-1ubuntu1~22.04) ...
#15 ...

#14 [phase3b-complex 3/9] RUN apt-get update && apt-get install -y     wget curl git python3.10 python3-pip     build-essential openmpi-bin libopenmpi-dev     && rm -rf /var/lib/apt/lists/*
#14 110.5 Selecting previously unselected package libxdmcp6:amd64.
#14 110.5 Preparing to unpack .../017-libxdmcp6_1%3a1.1.3-0ubuntu5_amd64.deb ...
#14 110.6 Unpacking libxdmcp6:amd64 (1:1.1.3-0ubuntu5) ...
#14 111.0 Selecting previously unselected package libxcb1:amd64.
#14 111.0 Preparing to unpack .../018-libxcb1_1.14-3ubuntu3_amd64.deb ...
#14 111.1 Unpacking libxcb1:amd64 (1.14-3ubuntu3) ...
#14 111.6 Selecting previously unselected package libx11-data.
#14 111.6 Preparing to unpack .../019-libx11-data_2%3a1.7.5-1ubuntu0.3_all.deb ...
#14 112.7 Unpacking libx11-data (2:1.7.5-1ubuntu0.3) ...
#14 115.0 Selecting previously unselected package libx11-6:amd64.
#14 115.0 Preparing to unpack .../020-libx11-6_2%3a1.7.5-1ubuntu0.3_amd64.deb ...
#14 115.1 Unpacking libx11-6:amd64 (2:1.7.5-1ubuntu0.3) ...
#14 117.1 Selecting previously unselected package libxext6:amd64.
#14 117.1 Preparing to unpack .../021-libxext6_2%3a1.3.4-1build1_amd64.deb ...
#14 117.5 Unpacking libxext6:amd64 (2:1.3.4-1build1) ...
#14 118.3 Selecting previously unselected package libxmuu1:amd64.
#14 118.3 Preparing to unpack .../022-libxmuu1_2%3a1.1.3-3_amd64.deb ...
#14 118.4 Unpacking libxmuu1:amd64 (2:1.1.3-3) ...
#14 ...

#16 [phase2-seq-design 3/6] RUN apt-get update && apt-get install -y     wget curl git python3.10 python3-pip     build-essential     && rm -rf /var/lib/apt/lists/*
#16 DONE 118.7s

#14 [phase3b-complex 3/9] RUN apt-get update && apt-get install -y     wget curl git python3.10 python3-pip     build-essential openmpi-bin libopenmpi-dev     && rm -rf /var/lib/apt/lists/*
#14 118.8 Selecting previously unselected package openssh-client.
#14 118.8 Preparing to unpack .../023-openssh-client_1%3a8.9p1-3ubuntu0.17_amd64.deb ...
#14 118.9 Unpacking openssh-client (1:8.9p1-3ubuntu0.17) ...
#14 119.3 Selecting previously unselected package publicsuffix.
#14 119.3 Preparing to unpack .../024-publicsuffix_20211207.1025-1_all.deb ...
#14 119.3 Unpacking publicsuffix (20211207.1025-1) ...
#14 119.6 Selecting previously unselected package wget.
#14 119.6 Preparing to unpack .../025-wget_1.21.2-2ubuntu1.5_amd64.deb ...
#14 119.6 Unpacking wget (1.21.2-2ubuntu1.5) ...
#14 119.9 Selecting previously unselected package xauth.
#14 119.9 Preparing to unpack .../026-xauth_1%3a1.1-1build2_amd64.deb ...
#14 119.9 Unpacking xauth (1:1.1-1build2) ...
#14 120.2 Selecting previously unselected package libsigsegv2:amd64.
#14 120.2 Preparing to unpack .../027-libsigsegv2_2.13-1ubuntu3_amd64.deb ...
#14 120.3 Unpacking libsigsegv2:amd64 (2.13-1ubuntu3) ...
#14 120.5 Selecting previously unselected package m4.
#14 120.5 Preparing to unpack .../028-m4_1.4.18-5ubuntu2_amd64.deb ...
#14 120.6 Unpacking m4 (1.4.18-5ubuntu2) ...
#14 120.8 Selecting previously unselected package autoconf.
#14 120.8 Preparing to unpack .../029-autoconf_2.71-2_all.deb ...
#14 120.9 Unpacking autoconf (2.71-2) ...
#14 121.2 Selecting previously unselected package autotools-dev.
#14 121.2 Preparing to unpack .../030-autotools-dev_20220109.1_all.deb ...
#14 121.2 Unpacking autotools-dev (20220109.1) ...
#14 121.6 Selecting previously unselected package automake.
#14 121.6 Preparing to unpack .../031-automake_1%3a1.16.5-1.3_all.deb ...
#14 121.6 Unpacking automake (1:1.16.5-1.3) ...
#14 122.0 Preparing to unpack .../032-g++-11_11.4.0-1ubuntu1~22.04.3_amd64.deb ...
#14 122.1 Unpacking g++-11 (11.4.0-1ubuntu1~22.04.3) over (11.4.0-1ubuntu1~22.04) ...
#14 123.3 Preparing to unpack .../033-libstdc++-11-dev_11.4.0-1ubuntu1~22.04.3_amd64.deb ...
#14 123.4 Unpacking libstdc++-11-dev:amd64 (11.4.0-1ubuntu1~22.04.3) over (11.4.0-1ubuntu1~22.04) ...
#14 ...

#17 [phase2-seq-design 4/6] RUN pip install --no-cache-dir     biopython==1.83     pyyaml==6.0     numpy==1.25.2     pandas==2.0.0     torch==2.1.0     scikit-learn==1.3.0
#17 2.004 Collecting biopython==1.83
#17 2.349   Downloading biopython-1.83-cp310-cp310-manylinux_2_17_x86_64.manylinux2014_x86_64.whl (3.1 MB)
#17 2.760      ━━━━━━━━━━━━━━━━━━━━━━━━━━━━━━━━━━━━━━━━ 3.1/3.1 MB 7.6 MB/s eta 0:00:00
#17 2.941 Collecting pyyaml==6.0
#17 3.000   Downloading PyYAML-6.0-cp310-cp310-manylinux_2_5_x86_64.manylinux1_x86_64.manylinux_2_12_x86_64.manylinux2010_x86_64.whl (682 kB)
#17 3.042      ━━━━━━━━━━━━━━━━━━━━━━━━━━━━━━━━━━━━━━ 682.2/682.2 KB 23.2 MB/s eta 0:00:00
#17 3.804 Collecting numpy==1.25.2
#17 3.861   Downloading numpy-1.25.2-cp310-cp310-manylinux_2_17_x86_64.manylinux2014_x86_64.whl (18.2 MB)
#17 5.367      ━━━━━━━━━━━━━━━━━━━━━━━━━━━━━━━━━━━━━━━━ 18.2/18.2 MB 14.0 MB/s eta 0:00:00
#17 5.768 Collecting pandas==2.0.0
#17 5.826   Downloading pandas-2.0.0-cp310-cp310-manylinux_2_17_x86_64.manylinux2014_x86_64.whl (12.3 MB)
#17 6.881      ━━━━━━━━━━━━━━━━━━━━━━━━━━━━━━━━━━━━━━━━ 12.3/12.3 MB 14.4 MB/s eta 0:00:00
#17 7.107 Collecting torch==2.1.0
#17 7.162   Downloading torch-2.1.0-cp310-cp310-manylinux1_x86_64.whl (670.2 MB)
#17 ...

#15 [phase1-backbone-gen 3/6] RUN apt-get update && apt-get install -y     wget curl git python3.10 python3-pip     build-essential libopenmpi-dev openmpi-bin     && rm -rf /var/lib/apt/lists/*
#15 139.4 Preparing to unpack .../034-libasan6_11.4.0-1ubuntu1~22.04.3_amd64.deb ...
#15 139.6 Unpacking libasan6:amd64 (11.4.0-1ubuntu1~22.04.3) over (11.4.0-1ubuntu1~22.04) ...
#15 141.0 Preparing to unpack .../035-gcc-11_11.4.0-1ubuntu1~22.04.3_amd64.deb ...
#15 141.1 Unpacking gcc-11 (11.4.0-1ubuntu1~22.04.3) over (11.4.0-1ubuntu1~22.04) ...
#15 ...

#14 [phase3b-complex 3/9] RUN apt-get update && apt-get install -y     wget curl git python3.10 python3-pip     build-essential openmpi-bin libopenmpi-dev     && rm -rf /var/lib/apt/lists/*
#14 144.6 Preparing to unpack .../034-libasan6_11.4.0-1ubuntu1~22.04.3_amd64.deb ...
#14 144.7 Unpacking libasan6:amd64 (11.4.0-1ubuntu1~22.04.3) over (11.4.0-1ubuntu1~22.04) ...
#14 145.4 Preparing to unpack .../035-gcc-11_11.4.0-1ubuntu1~22.04.3_amd64.deb ...
#14 145.6 Unpacking gcc-11 (11.4.0-1ubuntu1~22.04.3) over (11.4.0-1ubuntu1~22.04) ...
#14 ...

#15 [phase1-backbone-gen 3/6] RUN apt-get update && apt-get install -y     wget curl git python3.10 python3-pip     build-essential libopenmpi-dev openmpi-bin     && rm -rf /var/lib/apt/lists/*
#15 151.7 Preparing to unpack .../036-libgcc-11-dev_11.4.0-1ubuntu1~22.04.3_amd64.deb ...
#15 151.8 Unpacking libgcc-11-dev:amd64 (11.4.0-1ubuntu1~22.04.3) over (11.4.0-1ubuntu1~22.04) ...
#15 ...

#14 [phase3b-complex 3/9] RUN apt-get update && apt-get install -y     wget curl git python3.10 python3-pip     build-essential openmpi-bin libopenmpi-dev     && rm -rf /var/lib/apt/lists/*
#14 152.4 Preparing to unpack .../036-libgcc-11-dev_11.4.0-1ubuntu1~22.04.3_amd64.deb ...
#14 152.5 Unpacking libgcc-11-dev:amd64 (11.4.0-1ubuntu1~22.04.3) over (11.4.0-1ubuntu1~22.04) ...
#14 168.1 Preparing to unpack .../037-libtsan0_11.4.0-1ubuntu1~22.04.3_amd64.deb ...
#14 ...

#15 [phase1-backbone-gen 3/6] RUN apt-get update && apt-get install -y     wget curl git python3.10 python3-pip     build-essential libopenmpi-dev openmpi-bin     && rm -rf /var/lib/apt/lists/*
#15 168.2 Preparing to unpack .../037-libtsan0_11.4.0-1ubuntu1~22.04.3_amd64.deb ...
#15 169.0 Unpacking libtsan0:amd64 (11.4.0-1ubuntu1~22.04.3) over (11.4.0-1ubuntu1~22.04) ...
#15 171.9 Preparing to unpack .../038-cpp-11_11.4.0-1ubuntu1~22.04.3_amd64.deb ...
#15 172.0 Unpacking cpp-11 (11.4.0-1ubuntu1~22.04.3) over (11.4.0-1ubuntu1~22.04) ...
#15 177.4 Preparing to unpack .../039-gcc-11-base_11.4.0-1ubuntu1~22.04.3_amd64.deb ...
#15 177.6 Unpacking gcc-11-base:amd64 (11.4.0-1ubuntu1~22.04.3) over (11.4.0-1ubuntu1~22.04) ...
#15 ...

#14 [phase3b-complex 3/9] RUN apt-get update && apt-get install -y     wget curl git python3.10 python3-pip     build-essential openmpi-bin libopenmpi-dev     && rm -rf /var/lib/apt/lists/*
#14 169.0 Unpacking libtsan0:amd64 (11.4.0-1ubuntu1~22.04.3) over (11.4.0-1ubuntu1~22.04) ...
#14 171.9 Preparing to unpack .../038-cpp-11_11.4.0-1ubuntu1~22.04.3_amd64.deb ...
#14 172.1 Unpacking cpp-11 (11.4.0-1ubuntu1~22.04.3) over (11.4.0-1ubuntu1~22.04) ...
#14 177.4 Preparing to unpack .../039-gcc-11-base_11.4.0-1ubuntu1~22.04.3_amd64.deb ...
#14 177.6 Unpacking gcc-11-base:amd64 (11.4.0-1ubuntu1~22.04.3) over (11.4.0-1ubuntu1~22.04) ...
#14 178.0 Selecting previously unselected package libbrotli1:amd64.
#14 178.0 Preparing to unpack .../040-libbrotli1_1.0.9-2build6_amd64.deb ...
#14 178.1 Unpacking libbrotli1:amd64 (1.0.9-2build6) ...
#14 ...

#15 [phase1-backbone-gen 3/6] RUN apt-get update && apt-get install -y     wget curl git python3.10 python3-pip     build-essential libopenmpi-dev openmpi-bin     && rm -rf /var/lib/apt/lists/*
#15 178.1 Selecting previously unselected package libbrotli1:amd64.
#15 178.1 Preparing to unpack .../040-libbrotli1_1.0.9-2build6_amd64.deb ...
#15 178.1 Unpacking libbrotli1:amd64 (1.0.9-2build6) ...
#15 178.5 Selecting previously unselected package librtmp1:amd64.
#15 178.5 Preparing to unpack .../041-librtmp1_2.4+20151223.gitfa8646d.1-2build4_amd64.deb ...
#15 178.6 Unpacking librtmp1:amd64 (2.4+20151223.gitfa8646d.1-2build4) ...
#15 179.0 Selecting previously unselected package libssh-4:amd64.
#15 179.0 Preparing to unpack .../042-libssh-4_0.9.6-2ubuntu0.22.04.8_amd64.deb ...
#15 179.1 Unpacking libssh-4:amd64 (0.9.6-2ubuntu0.22.04.8) ...
#15 179.5 Selecting previously unselected package libcurl4:amd64.
#15 179.5 Preparing to unpack .../043-libcurl4_7.81.0-1ubuntu1.29_amd64.deb ...
#15 179.6 Unpacking libcurl4:amd64 (7.81.0-1ubuntu1.29) ...
#15 179.9 Selecting previously unselected package curl.
#15 179.9 Preparing to unpack .../044-curl_7.81.0-1ubuntu1.29_amd64.deb ...
#15 180.0 Unpacking curl (7.81.0-1ubuntu1.29) ...
#15 180.4 Selecting previously unselected package libgfortran5:amd64.
#15 180.4 Preparing to unpack .../045-libgfortran5_12.3.0-1ubuntu1~22.04.3_amd64.deb ...
#15 180.4 Unpacking libgfortran5:amd64 (12.3.0-1ubuntu1~22.04.3) ...
#15 180.9 Selecting previously unselected package libgfortran-11-dev:amd64.
#15 180.9 Preparing to unpack .../046-libgfortran-11-dev_11.4.0-1ubuntu1~22.04.3_amd64.deb ...
#15 181.0 Unpacking libgfortran-11-dev:amd64 (11.4.0-1ubuntu1~22.04.3) ...
#15 181.8 Selecting previously unselected package gfortran-11.
#15 181.8 Preparing to unpack .../047-gfortran-11_11.4.0-1ubuntu1~22.04.3_amd64.deb ...
#15 181.9 Unpacking gfortran-11 (11.4.0-1ubuntu1~22.04.3) ...
#15 183.8 Selecting previously unselected package gfortran.
#15 183.8 Preparing to unpack .../048-gfortran_4%3a11.2.0-1ubuntu1_amd64.deb ...
#15 183.9 Unpacking gfortran (4:11.2.0-1ubuntu1) ...
#15 184.3 Selecting previously unselected package libcurl3-gnutls:amd64.
#15 184.3 Preparing to unpack .../049-libcurl3-gnutls_7.81.0-1ubuntu1.29_amd64.deb ...
#15 184.3 Unpacking libcurl3-gnutls:amd64 (7.81.0-1ubuntu1.29) ...
#15 184.8 Selecting previously unselected package liberror-perl.
#15 184.8 Preparing to unpack .../050-liberror-perl_0.17029-1_all.deb ...
#15 184.8 Unpacking liberror-perl (0.17029-1) ...
#15 185.1 Selecting previously unselected package git-man.
#15 185.1 Preparing to unpack .../051-git-man_1%3a2.34.1-1ubuntu1.17_all.deb ...
#15 185.1 Unpacking git-man (1:2.34.1-1ubuntu1.17) ...
#15 185.8 Selecting previously unselected package git.
#15 185.8 Preparing to unpack .../052-git_1%3a2.34.1-1ubuntu1.17_amd64.deb ...
#15 185.8 Unpacking git (1:2.34.1-1ubuntu1.17) ...
#15 187.5 Selecting previously unselected package libnl-3-200:amd64.
#15 187.5 Preparing to unpack .../053-libnl-3-200_3.5.0-0.1_amd64.deb ...
#15 187.5 Unpacking libnl-3-200:amd64 (3.5.0-0.1) ...
#15 188.0 Selecting previously unselected package libnl-route-3-200:amd64.
#15 188.0 Preparing to unpack .../054-libnl-route-3-200_3.5.0-0.1_amd64.deb ...
#15 188.1 Unpacking libnl-route-3-200:amd64 (3.5.0-0.1) ...
#15 ...

#14 [phase3b-complex 3/9] RUN apt-get update && apt-get install -y     wget curl git python3.10 python3-pip     build-essential openmpi-bin libopenmpi-dev     && rm -rf /var/lib/apt/lists/*
#14 178.5 Selecting previously unselected package librtmp1:amd64.
#14 178.5 Preparing to unpack .../041-librtmp1_2.4+20151223.gitfa8646d.1-2build4_amd64.deb ...
#14 178.6 Unpacking librtmp1:amd64 (2.4+20151223.gitfa8646d.1-2build4) ...
#14 179.0 Selecting previously unselected package libssh-4:amd64.
#14 179.0 Preparing to unpack .../042-libssh-4_0.9.6-2ubuntu0.22.04.8_amd64.deb ...
#14 179.1 Unpacking libssh-4:amd64 (0.9.6-2ubuntu0.22.04.8) ...
#14 179.6 Selecting previously unselected package libcurl4:amd64.
#14 179.6 Preparing to unpack .../043-libcurl4_7.81.0-1ubuntu1.29_amd64.deb ...
#14 179.6 Unpacking libcurl4:amd64 (7.81.0-1ubuntu1.29) ...
#14 180.0 Selecting previously unselected package curl.
#14 180.0 Preparing to unpack .../044-curl_7.81.0-1ubuntu1.29_amd64.deb ...
#14 180.0 Unpacking curl (7.81.0-1ubuntu1.29) ...
#14 180.6 Selecting previously unselected package libgfortran5:amd64.
#14 180.6 Preparing to unpack .../045-libgfortran5_12.3.0-1ubuntu1~22.04.3_amd64.deb ...
#14 180.6 Unpacking libgfortran5:amd64 (12.3.0-1ubuntu1~22.04.3) ...
#14 181.1 Selecting previously unselected package libgfortran-11-dev:amd64.
#14 181.1 Preparing to unpack .../046-libgfortran-11-dev_11.4.0-1ubuntu1~22.04.3_amd64.deb ...
#14 181.2 Unpacking libgfortran-11-dev:amd64 (11.4.0-1ubuntu1~22.04.3) ...
#14 181.8 Selecting previously unselected package gfortran-11.
#14 181.8 Preparing to unpack .../047-gfortran-11_11.4.0-1ubuntu1~22.04.3_amd64.deb ...
#14 181.9 Unpacking gfortran-11 (11.4.0-1ubuntu1~22.04.3) ...
#14 183.5 Selecting previously unselected package gfortran.
#14 183.5 Preparing to unpack .../048-gfortran_4%3a11.2.0-1ubuntu1_amd64.deb ...
#14 183.6 Unpacking gfortran (4:11.2.0-1ubuntu1) ...
#14 184.0 Selecting previously unselected package libcurl3-gnutls:amd64.
#14 184.0 Preparing to unpack .../049-libcurl3-gnutls_7.81.0-1ubuntu1.29_amd64.deb ...
#14 184.1 Unpacking libcurl3-gnutls:amd64 (7.81.0-1ubuntu1.29) ...
#14 184.4 Selecting previously unselected package liberror-perl.
#14 184.4 Preparing to unpack .../050-liberror-perl_0.17029-1_all.deb ...
#14 184.4 Unpacking liberror-perl (0.17029-1) ...
#14 184.7 Selecting previously unselected package git-man.
#14 184.7 Preparing to unpack .../051-git-man_1%3a2.34.1-1ubuntu1.17_all.deb ...
#14 184.7 Unpacking git-man (1:2.34.1-1ubuntu1.17) ...
#14 185.3 Selecting previously unselected package git.
#14 185.3 Preparing to unpack .../052-git_1%3a2.34.1-1ubuntu1.17_amd64.deb ...
#14 185.4 Unpacking git (1:2.34.1-1ubuntu1.17) ...
#14 186.9 Selecting previously unselected package libnl-3-200:amd64.
#14 186.9 Preparing to unpack .../053-libnl-3-200_3.5.0-0.1_amd64.deb ...
#14 186.9 Unpacking libnl-3-200:amd64 (3.5.0-0.1) ...
#14 187.6 Selecting previously unselected package libnl-route-3-200:amd64.
#14 187.6 Preparing to unpack .../054-libnl-route-3-200_3.5.0-0.1_amd64.deb ...
#14 187.6 Unpacking libnl-route-3-200:amd64 (3.5.0-0.1) ...
#14 188.1 Selecting previously unselected package libibverbs1:amd64.
#14 188.1 Preparing to unpack .../055-libibverbs1_39.0-1_amd64.deb ...
#14 188.1 Unpacking libibverbs1:amd64 (39.0-1) ...
#14 188.6 Selecting previously unselected package ibverbs-providers:amd64.
#14 188.6 Preparing to unpack .../056-ibverbs-providers_39.0-1_amd64.deb ...
#14 ...

#15 [phase1-backbone-gen 3/6] RUN apt-get update && apt-get install -y     wget curl git python3.10 python3-pip     build-essential libopenmpi-dev openmpi-bin     && rm -rf /var/lib/apt/lists/*
#15 188.7 Selecting previously unselected package libibverbs1:amd64.
#15 188.7 Preparing to unpack .../055-libibverbs1_39.0-1_amd64.deb ...
#15 188.7 Unpacking libibverbs1:amd64 (39.0-1) ...
#15 189.3 Selecting previously unselected package ibverbs-providers:amd64.
#15 189.3 Preparing to unpack .../056-ibverbs-providers_39.0-1_amd64.deb ...
#15 189.4 Unpacking ibverbs-providers:amd64 (39.0-1) ...
#15 189.8 Selecting previously unselected package javascript-common.
#15 189.8 Preparing to unpack .../057-javascript-common_11+nmu1_all.deb ...
#15 189.9 Unpacking javascript-common (11+nmu1) ...
#15 190.3 Selecting previously unselected package libevent-core-2.1-7:amd64.
#15 190.3 Preparing to unpack .../058-libevent-core-2.1-7_2.1.12-stable-1ubuntu0.2_amd64.deb ...
#15 190.4 Unpacking libevent-core-2.1-7:amd64 (2.1.12-stable-1ubuntu0.2) ...
#15 190.8 Selecting previously unselected package libevent-pthreads-2.1-7:amd64.
#15 190.8 Preparing to unpack .../059-libevent-pthreads-2.1-7_2.1.12-stable-1ubuntu0.2_amd64.deb ...
#15 190.8 Unpacking libevent-pthreads-2.1-7:amd64 (2.1.12-stable-1ubuntu0.2) ...
#15 191.3 Selecting previously unselected package libpsm-infinipath1.
#15 191.3 Preparing to unpack .../060-libpsm-infinipath1_3.3+20.604758e7-6.1_amd64.deb ...
#15 191.4 Unpacking libpsm-infinipath1 (3.3+20.604758e7-6.1) ...
#15 191.9 Selecting previously unselected package libpsm2-2.
#15 191.9 Preparing to unpack .../061-libpsm2-2_11.2.185-1_amd64.deb ...
#15 192.0 Unpacking libpsm2-2 (11.2.185-1) ...
#15 192.5 Selecting previously unselected package librdmacm1:amd64.
#15 192.5 Preparing to unpack .../062-librdmacm1_39.0-1_amd64.deb ...
#15 192.5 Unpacking librdmacm1:amd64 (39.0-1) ...
#15 193.1 Selecting previously unselected package libfabric1:amd64.
#15 193.1 Preparing to unpack .../063-libfabric1_1.11.0-3_amd64.deb ...
#15 193.2 Unpacking libfabric1:amd64 (1.11.0-3) ...
#15 193.7 Selecting previously unselected package libhwloc15:amd64.
#15 193.7 Preparing to unpack .../064-libhwloc15_2.7.0-2ubuntu1_amd64.deb ...
#15 193.7 Unpacking libhwloc15:amd64 (2.7.0-2ubuntu1) ...
#15 194.2 Selecting previously unselected package libpciaccess0:amd64.
#15 194.2 Preparing to unpack .../065-libpciaccess0_0.16-3_amd64.deb ...
#15 194.3 Unpacking libpciaccess0:amd64 (0.16-3) ...
#15 194.6 Selecting previously unselected package libxnvctrl0:amd64.
#15 194.6 Preparing to unpack .../066-libxnvctrl0_615.71.09-2ubuntu1_amd64.deb ...
#15 194.7 Unpacking libxnvctrl0:amd64 (615.71.09-2ubuntu1) ...
#15 195.1 Selecting previously unselected package ocl-icd-libopencl1:amd64.
#15 195.1 Preparing to unpack .../067-ocl-icd-libopencl1_2.2.14-3_amd64.deb ...
#15 195.1 Unpacking ocl-icd-libopencl1:amd64 (2.2.14-3) ...
#15 195.5 Selecting previously unselected package libhwloc-plugins:amd64.
#15 195.5 Preparing to unpack .../068-libhwloc-plugins_2.7.0-2ubuntu1_amd64.deb ...
#15 195.5 Unpacking libhwloc-plugins:amd64 (2.7.0-2ubuntu1) ...
#15 195.8 Selecting previously unselected package libpmix2:amd64.
#15 195.8 Preparing to unpack .../069-libpmix2_4.1.2-2ubuntu1_amd64.deb ...
#15 195.8 Unpacking libpmix2:amd64 (4.1.2-2ubuntu1) ...
#15 196.3 Selecting previously unselected package libucx0:amd64.
#15 196.3 Preparing to unpack .../070-libucx0_1.12.1~rc2-1_amd64.deb ...
#15 196.4 Unpacking libucx0:amd64 (1.12.1~rc2-1) ...
#15 197.9 Selecting previously unselected package libopenmpi3:amd64.
#15 197.9 Preparing to unpack .../071-libopenmpi3_4.1.2-2ubuntu1_amd64.deb ...
#15 198.0 Unpacking libopenmpi3:amd64 (4.1.2-2ubuntu1) ...
#15 ...

#14 [phase3b-complex 3/9] RUN apt-get update && apt-get install -y     wget curl git python3.10 python3-pip     build-essential openmpi-bin libopenmpi-dev     && rm -rf /var/lib/apt/lists/*
#14 188.8 Unpacking ibverbs-providers:amd64 (39.0-1) ...
#14 189.4 Selecting previously unselected package javascript-common.
#14 189.4 Preparing to unpack .../057-javascript-common_11+nmu1_all.deb ...
#14 189.5 Unpacking javascript-common (11+nmu1) ...
#14 189.9 Selecting previously unselected package libevent-core-2.1-7:amd64.
#14 189.9 Preparing to unpack .../058-libevent-core-2.1-7_2.1.12-stable-1ubuntu0.2_amd64.deb ...
#14 189.9 Unpacking libevent-core-2.1-7:amd64 (2.1.12-stable-1ubuntu0.2) ...
#14 190.3 Selecting previously unselected package libevent-pthreads-2.1-7:amd64.
#14 190.3 Preparing to unpack .../059-libevent-pthreads-2.1-7_2.1.12-stable-1ubuntu0.2_amd64.deb ...
#14 190.4 Unpacking libevent-pthreads-2.1-7:amd64 (2.1.12-stable-1ubuntu0.2) ...
#14 190.8 Selecting previously unselected package libpsm-infinipath1.
#14 190.8 Preparing to unpack .../060-libpsm-infinipath1_3.3+20.604758e7-6.1_amd64.deb ...
#14 190.8 Unpacking libpsm-infinipath1 (3.3+20.604758e7-6.1) ...
#14 191.2 Selecting previously unselected package libpsm2-2.
#14 191.3 Preparing to unpack .../061-libpsm2-2_11.2.185-1_amd64.deb ...
#14 191.4 Unpacking libpsm2-2 (11.2.185-1) ...
#14 191.9 Selecting previously unselected package librdmacm1:amd64.
#14 191.9 Preparing to unpack .../062-librdmacm1_39.0-1_amd64.deb ...
#14 192.0 Unpacking librdmacm1:amd64 (39.0-1) ...
#14 192.4 Selecting previously unselected package libfabric1:amd64.
#14 192.4 Preparing to unpack .../063-libfabric1_1.11.0-3_amd64.deb ...
#14 192.5 Unpacking libfabric1:amd64 (1.11.0-3) ...
#14 193.1 Selecting previously unselected package libhwloc15:amd64.
#14 193.1 Preparing to unpack .../064-libhwloc15_2.7.0-2ubuntu1_amd64.deb ...
#14 193.2 Unpacking libhwloc15:amd64 (2.7.0-2ubuntu1) ...
#14 193.7 Selecting previously unselected package libpciaccess0:amd64.
#14 193.7 Preparing to unpack .../065-libpciaccess0_0.16-3_amd64.deb ...
#14 193.7 Unpacking libpciaccess0:amd64 (0.16-3) ...
#14 194.2 Selecting previously unselected package libxnvctrl0:amd64.
#14 194.2 Preparing to unpack .../066-libxnvctrl0_615.71.09-2ubuntu1_amd64.deb ...
#14 194.2 Unpacking libxnvctrl0:amd64 (615.71.09-2ubuntu1) ...
#14 194.6 Selecting previously unselected package ocl-icd-libopencl1:amd64.
#14 194.6 Preparing to unpack .../067-ocl-icd-libopencl1_2.2.14-3_amd64.deb ...
#14 194.6 Unpacking ocl-icd-libopencl1:amd64 (2.2.14-3) ...
#14 195.0 Selecting previously unselected package libhwloc-plugins:amd64.
#14 195.0 Preparing to unpack .../068-libhwloc-plugins_2.7.0-2ubuntu1_amd64.deb ...
#14 195.0 Unpacking libhwloc-plugins:amd64 (2.7.0-2ubuntu1) ...
#14 195.4 Selecting previously unselected package libpmix2:amd64.
#14 195.4 Preparing to unpack .../069-libpmix2_4.1.2-2ubuntu1_amd64.deb ...
#14 195.5 Unpacking libpmix2:amd64 (4.1.2-2ubuntu1) ...
#14 195.9 Selecting previously unselected package libucx0:amd64.
#14 195.9 Preparing to unpack .../070-libucx0_1.12.1~rc2-1_amd64.deb ...
#14 196.0 Unpacking libucx0:amd64 (1.12.1~rc2-1) ...
#14 196.5 Selecting previously unselected package libopenmpi3:amd64.
#14 196.5 Preparing to unpack .../071-libopenmpi3_4.1.2-2ubuntu1_amd64.deb ...
#14 197.1 Unpacking libopenmpi3:amd64 (4.1.2-2ubuntu1) ...
#14 199.0 Selecting previously unselected package libcaf-openmpi-3:amd64.
#14 199.1 Preparing to unpack .../072-libcaf-openmpi-3_2.9.2-3_amd64.deb ...
#14 199.1 Unpacking libcaf-openmpi-3:amd64 (2.9.2-3) ...
#14 199.5 Selecting previously unselected package libcoarrays-dev:amd64.
#14 199.5 Preparing to unpack .../073-libcoarrays-dev_2.9.2-3_amd64.deb ...
#14 ...

#15 [phase1-backbone-gen 3/6] RUN apt-get update && apt-get install -y     wget curl git python3.10 python3-pip     build-essential libopenmpi-dev openmpi-bin     && rm -rf /var/lib/apt/lists/*
#15 199.5 Selecting previously unselected package libcaf-openmpi-3:amd64.
#15 199.5 Preparing to unpack .../072-libcaf-openmpi-3_2.9.2-3_amd64.deb ...
#15 199.5 Unpacking libcaf-openmpi-3:amd64 (2.9.2-3) ...
#15 199.8 Selecting previously unselected package libcoarrays-dev:amd64.
#15 199.9 Preparing to unpack .../073-libcoarrays-dev_2.9.2-3_amd64.deb ...
#15 200.0 Unpacking libcoarrays-dev:amd64 (2.9.2-3) ...
#15 200.3 Selecting previously unselected package openmpi-common.
#15 200.3 Preparing to unpack .../074-openmpi-common_4.1.2-2ubuntu1_all.deb ...
#15 200.4 Unpacking openmpi-common (4.1.2-2ubuntu1) ...
#15 200.9 Selecting previously unselected package openmpi-bin.
#15 200.9 Preparing to unpack .../075-openmpi-bin_4.1.2-2ubuntu1_amd64.deb ...
#15 201.0 Unpacking openmpi-bin (4.1.2-2ubuntu1) ...
#15 201.6 Selecting previously unselected package libcoarrays-openmpi-dev:amd64.
#15 201.6 Preparing to unpack .../076-libcoarrays-openmpi-dev_2.9.2-3_amd64.deb ...
#15 201.6 Unpacking libcoarrays-openmpi-dev:amd64 (2.9.2-3) ...
#15 202.7 Selecting previously unselected package libevent-2.1-7:amd64.
#15 202.7 Preparing to unpack .../077-libevent-2.1-7_2.1.12-stable-1ubuntu0.2_amd64.deb ...
#15 202.8 Unpacking libevent-2.1-7:amd64 (2.1.12-stable-1ubuntu0.2) ...
#15 203.5 Selecting previously unselected package libevent-extra-2.1-7:amd64.
#15 203.5 Preparing to unpack .../078-libevent-extra-2.1-7_2.1.12-stable-1ubuntu0.2_amd64.deb ...
#15 203.6 Unpacking libevent-extra-2.1-7:amd64 (2.1.12-stable-1ubuntu0.2) ...
#15 204.6 Selecting previously unselected package libevent-openssl-2.1-7:amd64.
#15 204.6 Preparing to unpack .../079-libevent-openssl-2.1-7_2.1.12-stable-1ubuntu0.2_amd64.deb ...
#15 204.6 Unpacking libevent-openssl-2.1-7:amd64 (2.1.12-stable-1ubuntu0.2) ...
#15 205.0 Selecting previously unselected package libevent-dev.
#15 205.0 Preparing to unpack .../080-libevent-dev_2.1.12-stable-1ubuntu0.2_amd64.deb ...
#15 205.1 Unpacking libevent-dev (2.1.12-stable-1ubuntu0.2) ...
#15 205.5 Selecting previously unselected package libexpat1-dev:amd64.
#15 205.5 Preparing to unpack .../081-libexpat1-dev_2.4.7-1ubuntu0.9_amd64.deb ...
#15 205.6 Unpacking libexpat1-dev:amd64 (2.4.7-1ubuntu0.9) ...
#15 206.1 Selecting previously unselected package libjs-jquery.
#15 206.1 Preparing to unpack .../082-libjs-jquery_3.6.0+dfsg+~3.5.13-1_all.deb ...
#15 206.3 Unpacking libjs-jquery (3.6.0+dfsg+~3.5.13-1) ...
#15 206.7 Selecting previously unselected package libjs-jquery-ui.
#15 206.7 Preparing to unpack .../083-libjs-jquery-ui_1.13.1+dfsg-1_all.deb ...
#15 206.7 Unpacking libjs-jquery-ui (1.13.1+dfsg-1) ...
#15 207.3 Selecting previously unselected package libjs-underscore.
#15 207.3 Preparing to unpack .../084-libjs-underscore_1.13.2~dfsg-2_all.deb ...
#15 207.4 Unpacking libjs-underscore (1.13.2~dfsg-2) ...
#15 207.7 Selecting previously unselected package libjs-sphinxdoc.
#15 207.7 Preparing to unpack .../085-libjs-sphinxdoc_4.3.2-1_all.deb ...
#15 207.8 Unpacking libjs-sphinxdoc (4.3.2-1) ...
#15 208.2 Selecting previously unselected package libltdl7:amd64.
#15 208.2 Preparing to unpack .../086-libltdl7_2.4.6-15build2_amd64.deb ...
#15 208.2 Unpacking libltdl7:amd64 (2.4.6-15build2) ...
#15 208.6 Selecting previously unselected package libltdl-dev:amd64.
#15 208.6 Preparing to unpack .../087-libltdl-dev_2.4.6-15build2_amd64.deb ...
#15 208.6 Unpacking libltdl-dev:amd64 (2.4.6-15build2) ...
#15 209.1 Selecting previously unselected package libnl-3-dev:amd64.
#15 209.1 Preparing to unpack .../088-libnl-3-dev_3.5.0-0.1_amd64.deb ...
#15 209.2 Unpacking libnl-3-dev:amd64 (3.5.0-0.1) ...
#15 ...

#14 [phase3b-complex 3/9] RUN apt-get update && apt-get install -y     wget curl git python3.10 python3-pip     build-essential openmpi-bin libopenmpi-dev     && rm -rf /var/lib/apt/lists/*
#14 199.6 Unpacking libcoarrays-dev:amd64 (2.9.2-3) ...
#14 199.9 Selecting previously unselected package openmpi-common.
#14 199.9 Preparing to unpack .../074-openmpi-common_4.1.2-2ubuntu1_all.deb ...
#14 200.0 Unpacking openmpi-common (4.1.2-2ubuntu1) ...
#14 200.5 Selecting previously unselected package openmpi-bin.
#14 200.5 Preparing to unpack .../075-openmpi-bin_4.1.2-2ubuntu1_amd64.deb ...
#14 200.6 Unpacking openmpi-bin (4.1.2-2ubuntu1) ...
#14 201.3 Selecting previously unselected package libcoarrays-openmpi-dev:amd64.
#14 201.3 Preparing to unpack .../076-libcoarrays-openmpi-dev_2.9.2-3_amd64.deb ...
#14 201.3 Unpacking libcoarrays-openmpi-dev:amd64 (2.9.2-3) ...
#14 202.5 Selecting previously unselected package libevent-2.1-7:amd64.
#14 202.5 Preparing to unpack .../077-libevent-2.1-7_2.1.12-stable-1ubuntu0.2_amd64.deb ...
#14 202.6 Unpacking libevent-2.1-7:amd64 (2.1.12-stable-1ubuntu0.2) ...
#14 203.1 Selecting previously unselected package libevent-extra-2.1-7:amd64.
#14 203.1 Preparing to unpack .../078-libevent-extra-2.1-7_2.1.12-stable-1ubuntu0.2_amd64.deb ...
#14 203.2 Unpacking libevent-extra-2.1-7:amd64 (2.1.12-stable-1ubuntu0.2) ...
#14 203.7 Selecting previously unselected package libevent-openssl-2.1-7:amd64.
#14 203.7 Preparing to unpack .../079-libevent-openssl-2.1-7_2.1.12-stable-1ubuntu0.2_amd64.deb ...
#14 203.8 Unpacking libevent-openssl-2.1-7:amd64 (2.1.12-stable-1ubuntu0.2) ...
#14 204.7 Selecting previously unselected package libevent-dev.
#14 204.7 Preparing to unpack .../080-libevent-dev_2.1.12-stable-1ubuntu0.2_amd64.deb ...
#14 204.8 Unpacking libevent-dev (2.1.12-stable-1ubuntu0.2) ...
#14 205.3 Selecting previously unselected package libexpat1-dev:amd64.
#14 205.4 Preparing to unpack .../081-libexpat1-dev_2.4.7-1ubuntu0.9_amd64.deb ...
#14 205.4 Unpacking libexpat1-dev:amd64 (2.4.7-1ubuntu0.9) ...
#14 205.8 Selecting previously unselected package libjs-jquery.
#14 205.8 Preparing to unpack .../082-libjs-jquery_3.6.0+dfsg+~3.5.13-1_all.deb ...
#14 206.0 Unpacking libjs-jquery (3.6.0+dfsg+~3.5.13-1) ...
#14 206.4 Selecting previously unselected package libjs-jquery-ui.
#14 206.4 Preparing to unpack .../083-libjs-jquery-ui_1.13.1+dfsg-1_all.deb ...
#14 206.5 Unpacking libjs-jquery-ui (1.13.1+dfsg-1) ...
#14 207.0 Selecting previously unselected package libjs-underscore.
#14 207.0 Preparing to unpack .../084-libjs-underscore_1.13.2~dfsg-2_all.deb ...
#14 207.1 Unpacking libjs-underscore (1.13.2~dfsg-2) ...
#14 207.4 Selecting previously unselected package libjs-sphinxdoc.
#14 207.4 Preparing to unpack .../085-libjs-sphinxdoc_4.3.2-1_all.deb ...
#14 207.5 Unpacking libjs-sphinxdoc (4.3.2-1) ...
#14 207.8 Selecting previously unselected package libltdl7:amd64.
#14 207.8 Preparing to unpack .../086-libltdl7_2.4.6-15build2_amd64.deb ...
#14 207.8 Unpacking libltdl7:amd64 (2.4.6-15build2) ...
#14 208.1 Selecting previously unselected package libltdl-dev:amd64.
#14 208.1 Preparing to unpack .../087-libltdl-dev_2.4.6-15build2_amd64.deb ...
#14 208.2 Unpacking libltdl-dev:amd64 (2.4.6-15build2) ...
#14 208.6 Selecting previously unselected package libnl-3-dev:amd64.
#14 208.6 Preparing to unpack .../088-libnl-3-dev_3.5.0-0.1_amd64.deb ...
#14 208.7 Unpacking libnl-3-dev:amd64 (3.5.0-0.1) ...
#14 209.1 Selecting previously unselected package libnl-route-3-dev:amd64.
#14 209.1 Preparing to unpack .../089-libnl-route-3-dev_3.5.0-0.1_amd64.deb ...
#14 209.2 Unpacking libnl-route-3-dev:amd64 (3.5.0-0.1) ...
#14 209.5 Selecting previously unselected package libnuma-dev:amd64.
#14 209.5 Preparing to unpack .../090-libnuma-dev_2.0.14-3ubuntu2_amd64.deb ...
#14 209.6 Unpacking libnuma-dev:amd64 (2.0.14-3ubuntu2) ...
#14 ...

#15 [phase1-backbone-gen 3/6] RUN apt-get update && apt-get install -y     wget curl git python3.10 python3-pip     build-essential libopenmpi-dev openmpi-bin     && rm -rf /var/lib/apt/lists/*
#15 209.6 Selecting previously unselected package libnl-route-3-dev:amd64.
#15 209.6 Preparing to unpack .../089-libnl-route-3-dev_3.5.0-0.1_amd64.deb ...
#15 209.7 Unpacking libnl-route-3-dev:amd64 (3.5.0-0.1) ...
#15 210.2 Selecting previously unselected package libnuma-dev:amd64.
#15 210.2 Preparing to unpack .../090-libnuma-dev_2.0.14-3ubuntu2_amd64.deb ...
#15 210.2 Unpacking libnuma-dev:amd64 (2.0.14-3ubuntu2) ...
#15 210.6 Selecting previously unselected package libhwloc-dev:amd64.
#15 210.6 Preparing to unpack .../091-libhwloc-dev_2.7.0-2ubuntu1_amd64.deb ...
#15 210.6 Unpacking libhwloc-dev:amd64 (2.7.0-2ubuntu1) ...
#15 211.1 Selecting previously unselected package zlib1g-dev:amd64.
#15 211.1 Preparing to unpack .../092-zlib1g-dev_1%3a1.2.11.dfsg-2ubuntu9.2_amd64.deb ...
#15 211.2 Unpacking zlib1g-dev:amd64 (1:1.2.11.dfsg-2ubuntu9.2) ...
#15 211.6 Selecting previously unselected package libpmix-dev:amd64.
#15 211.6 Preparing to unpack .../093-libpmix-dev_4.1.2-2ubuntu1_amd64.deb ...
#15 211.7 Unpacking libpmix-dev:amd64 (4.1.2-2ubuntu1) ...
#15 ...

#14 [phase3b-complex 3/9] RUN apt-get update && apt-get install -y     wget curl git python3.10 python3-pip     build-essential openmpi-bin libopenmpi-dev     && rm -rf /var/lib/apt/lists/*
#14 209.9 Selecting previously unselected package libhwloc-dev:amd64.
#14 209.9 Preparing to unpack .../091-libhwloc-dev_2.7.0-2ubuntu1_amd64.deb ...
#14 210.0 Unpacking libhwloc-dev:amd64 (2.7.0-2ubuntu1) ...
#14 210.6 Selecting previously unselected package zlib1g-dev:amd64.
#14 210.6 Preparing to unpack .../092-zlib1g-dev_1%3a1.2.11.dfsg-2ubuntu9.2_amd64.deb ...
#14 210.6 Unpacking zlib1g-dev:amd64 (1:1.2.11.dfsg-2ubuntu9.2) ...
#14 210.9 Selecting previously unselected package libpmix-dev:amd64.
#14 210.9 Preparing to unpack .../093-libpmix-dev_4.1.2-2ubuntu1_amd64.deb ...
#14 211.0 Unpacking libpmix-dev:amd64 (4.1.2-2ubuntu1) ...
#14 221.1 Selecting previously unselected package libpython3.10:amd64.
#14 221.1 Preparing to unpack .../094-libpython3.10_3.10.12-1~22.04.18_amd64.deb ...
#14 221.4 Unpacking libpython3.10:amd64 (3.10.12-1~22.04.18) ...
#14 ...

#15 [phase1-backbone-gen 3/6] RUN apt-get update && apt-get install -y     wget curl git python3.10 python3-pip     build-essential libopenmpi-dev openmpi-bin     && rm -rf /var/lib/apt/lists/*
#15 221.5 Selecting previously unselected package libpython3.10:amd64.
#15 221.5 Preparing to unpack .../094-libpython3.10_3.10.12-1~22.04.18_amd64.deb ...
#15 221.5 Unpacking libpython3.10:amd64 (3.10.12-1~22.04.18) ...
#15 222.9 Selecting previously unselected package libpython3.10-dev:amd64.
#15 222.9 Preparing to unpack .../095-libpython3.10-dev_3.10.12-1~22.04.18_amd64.deb ...
#15 223.4 Unpacking libpython3.10-dev:amd64 (3.10.12-1~22.04.18) ...
#15 230.3 Selecting previously unselected package libpython3-dev:amd64.
#15 230.3 Preparing to unpack .../096-libpython3-dev_3.10.6-1~22.04.1_amd64.deb ...
#15 230.3 Unpacking libpython3-dev:amd64 (3.10.6-1~22.04.1) ...
#15 230.7 Selecting previously unselected package libtool.
#15 230.7 Preparing to unpack .../097-libtool_2.4.6-15build2_all.deb ...
#15 230.8 Unpacking libtool (2.4.6-15build2) ...
#15 231.1 Selecting previously unselected package python3.10-dev.
#15 231.1 Preparing to unpack .../098-python3.10-dev_3.10.12-1~22.04.18_amd64.deb ...
#15 231.1 Unpacking python3.10-dev (3.10.12-1~22.04.18) ...
#15 ...

#14 [phase3b-complex 3/9] RUN apt-get update && apt-get install -y     wget curl git python3.10 python3-pip     build-essential openmpi-bin libopenmpi-dev     && rm -rf /var/lib/apt/lists/*
#14 222.3 Selecting previously unselected package libpython3.10-dev:amd64.
#14 222.4 Preparing to unpack .../095-libpython3.10-dev_3.10.12-1~22.04.18_amd64.deb ...
#14 222.8 Unpacking libpython3.10-dev:amd64 (3.10.12-1~22.04.18) ...
#14 230.3 Selecting previously unselected package libpython3-dev:amd64.
#14 230.3 Preparing to unpack .../096-libpython3-dev_3.10.6-1~22.04.1_amd64.deb ...
#14 230.3 Unpacking libpython3-dev:amd64 (3.10.6-1~22.04.1) ...
#14 230.7 Selecting previously unselected package libtool.
#14 230.7 Preparing to unpack .../097-libtool_2.4.6-15build2_all.deb ...
#14 230.8 Unpacking libtool (2.4.6-15build2) ...
#14 231.1 Selecting previously unselected package python3.10-dev.
#14 231.1 Preparing to unpack .../098-python3.10-dev_3.10.12-1~22.04.18_amd64.deb ...
#14 231.1 Unpacking python3.10-dev (3.10.12-1~22.04.18) ...
#14 ...

#15 [phase1-backbone-gen 3/6] RUN apt-get update && apt-get install -y     wget curl git python3.10 python3-pip     build-essential libopenmpi-dev openmpi-bin     && rm -rf /var/lib/apt/lists/*
#15 231.6 Selecting previously unselected package python3-lib2to3.
#15 231.6 Preparing to unpack .../099-python3-lib2to3_3.10.8-1~22.04_all.deb ...
#15 231.7 Unpacking python3-lib2to3 (3.10.8-1~22.04) ...
#15 232.2 Selecting previously unselected package python3-distutils.
#15 232.2 Preparing to unpack .../100-python3-distutils_3.10.8-1~22.04_all.deb ...
#15 232.2 Unpacking python3-distutils (3.10.8-1~22.04) ...
#15 232.6 Selecting previously unselected package python3-dev.
#15 232.6 Preparing to unpack .../101-python3-dev_3.10.6-1~22.04.1_amd64.deb ...
#15 232.7 Unpacking python3-dev (3.10.6-1~22.04.1) ...
#15 233.1 Selecting previously unselected package python3-setuptools.
#15 233.1 Preparing to unpack .../102-python3-setuptools_59.6.0-1.2ubuntu0.22.04.3_all.deb ...
#15 233.1 Unpacking python3-setuptools (59.6.0-1.2ubuntu0.22.04.3) ...
#15 234.1 Selecting previously unselected package python3-wheel.
#15 234.1 Preparing to unpack .../103-python3-wheel_0.37.1-2ubuntu0.22.04.1_all.deb ...
#15 234.2 Unpacking python3-wheel (0.37.1-2ubuntu0.22.04.1) ...
#15 234.6 Selecting previously unselected package python3-pip.
#15 234.6 Preparing to unpack .../104-python3-pip_22.0.2+dfsg-1ubuntu0.7_all.deb ...
#15 234.6 Unpacking python3-pip (22.0.2+dfsg-1ubuntu0.7) ...
#15 235.5 Selecting previously unselected package libibverbs-dev:amd64.
#15 235.5 Preparing to unpack .../105-libibverbs-dev_39.0-1_amd64.deb ...
#15 235.6 Unpacking libibverbs-dev:amd64 (39.0-1) ...
#15 236.5 Selecting previously unselected package libopenmpi-dev:amd64.
#15 236.5 Preparing to unpack .../106-libopenmpi-dev_4.1.2-2ubuntu1_amd64.deb ...
#15 236.6 Unpacking libopenmpi-dev:amd64 (4.1.2-2ubuntu1) ...
#15 238.4 Setting up media-types (7.0.0) ...
#15 238.6 Setting up javascript-common (11+nmu1) ...
#15 239.0 Setting up gcc-11-base:amd64 (11.4.0-1ubuntu1~22.04.3) ...
#15 239.2 Setting up libpciaccess0:amd64 (0.16-3) ...
#15 239.5 Setting up libxau6:amd64 (1:1.0.9-1build5) ...
#15 ...

#17 [phase2-seq-design 4/6] RUN pip install --no-cache-dir     biopython==1.83     pyyaml==6.0     numpy==1.25.2     pandas==2.0.0     torch==2.1.0     scikit-learn==1.3.0
#17 121.0      ━━━━━━━━━━━━━━━━━━━━━━━━━━━━━━━━━━━━━━━ 670.2/670.2 MB 6.3 MB/s eta 0:00:00
#17 ...

#14 [phase3b-complex 3/9] RUN apt-get update && apt-get install -y     wget curl git python3.10 python3-pip     build-essential openmpi-bin libopenmpi-dev     && rm -rf /var/lib/apt/lists/*
#14 231.6 Selecting previously unselected package python3-lib2to3.
#14 231.6 Preparing to unpack .../099-python3-lib2to3_3.10.8-1~22.04_all.deb ...
#14 231.7 Unpacking python3-lib2to3 (3.10.8-1~22.04) ...
#14 232.1 Selecting previously unselected package python3-distutils.
#14 232.1 Preparing to unpack .../100-python3-distutils_3.10.8-1~22.04_all.deb ...
#14 232.2 Unpacking python3-distutils (3.10.8-1~22.04) ...
#14 232.6 Selecting previously unselected package python3-dev.
#14 232.6 Preparing to unpack .../101-python3-dev_3.10.6-1~22.04.1_amd64.deb ...
#14 232.6 Unpacking python3-dev (3.10.6-1~22.04.1) ...
#14 233.1 Selecting previously unselected package python3-setuptools.
#14 233.1 Preparing to unpack .../102-python3-setuptools_59.6.0-1.2ubuntu0.22.04.3_all.deb ...
#14 233.1 Unpacking python3-setuptools (59.6.0-1.2ubuntu0.22.04.3) ...
#14 234.3 Selecting previously unselected package python3-wheel.
#14 234.3 Preparing to unpack .../103-python3-wheel_0.37.1-2ubuntu0.22.04.1_all.deb ...
#14 234.3 Unpacking python3-wheel (0.37.1-2ubuntu0.22.04.1) ...
#14 234.7 Selecting previously unselected package python3-pip.
#14 234.7 Preparing to unpack .../104-python3-pip_22.0.2+dfsg-1ubuntu0.7_all.deb ...
#14 234.7 Unpacking python3-pip (22.0.2+dfsg-1ubuntu0.7) ...
#14 235.7 Selecting previously unselected package libibverbs-dev:amd64.
#14 235.8 Preparing to unpack .../105-libibverbs-dev_39.0-1_amd64.deb ...
#14 235.8 Unpacking libibverbs-dev:amd64 (39.0-1) ...
#14 236.6 Selecting previously unselected package libopenmpi-dev:amd64.
#14 236.6 Preparing to unpack .../106-libopenmpi-dev_4.1.2-2ubuntu1_amd64.deb ...
#14 236.8 Unpacking libopenmpi-dev:amd64 (4.1.2-2ubuntu1) ...
#14 238.5 Setting up media-types (7.0.0) ...
#14 238.7 Setting up javascript-common (11+nmu1) ...
#14 239.0 Setting up gcc-11-base:amd64 (11.4.0-1ubuntu1~22.04.3) ...
#14 239.2 Setting up libpciaccess0:amd64 (0.16-3) ...
#14 239.5 Setting up libxau6:amd64 (1:1.0.9-1build5) ...
#14 239.8 Setting up libpsl5:amd64 (0.21.0-1.2build2) ...
#14 240.0 Setting up wget (1.21.2-2ubuntu1.5) ...
#14 240.2 Setting up libmagic-mgc (1:5.41-3ubuntu0.1) ...
#14 240.6 Setting up libcbor0.8:amd64 (0.8.0-2ubuntu1) ...
#14 240.7 Setting up libbrotli1:amd64 (1.0.9-2build6) ...
#14 240.9 Setting up libnghttp2-14:amd64 (1.43.0-1ubuntu0.4) ...
#14 241.1 Setting up libmagic1:amd64 (1:5.41-3ubuntu0.1) ...
#14 241.4 Setting up less (590-1ubuntu0.22.04.3) ...
#14 ...

#15 [phase1-backbone-gen 3/6] RUN apt-get update && apt-get install -y     wget curl git python3.10 python3-pip     build-essential libopenmpi-dev openmpi-bin     && rm -rf /var/lib/apt/lists/*
#15 239.8 Setting up libpsl5:amd64 (0.21.0-1.2build2) ...
#15 240.0 Setting up wget (1.21.2-2ubuntu1.5) ...
#15 240.2 Setting up libmagic-mgc (1:5.41-3ubuntu0.1) ...
#15 240.5 Setting up libcbor0.8:amd64 (0.8.0-2ubuntu1) ...
#15 240.7 Setting up libbrotli1:amd64 (1.0.9-2build6) ...
#15 240.9 Setting up libnghttp2-14:amd64 (1.43.0-1ubuntu0.4) ...
#15 241.1 Setting up libmagic1:amd64 (1:5.41-3ubuntu0.1) ...
#15 241.4 Setting up less (590-1ubuntu0.22.04.3) ...
#15 243.1 Setting up file (1:5.41-3ubuntu0.1) ...
#15 243.3 Setting up libgomp1:amd64 (12.3.0-1ubuntu1~22.04.3) ...
#15 243.6 Setting up libasan6:amd64 (11.4.0-1ubuntu1~22.04.3) ...
#15 243.8 Setting up liberror-perl (0.17029-1) ...
#15 244.0 Setting up autotools-dev (20220109.1) ...
#15 244.2 Setting up libexpat1-dev:amd64 (2.4.7-1ubuntu0.9) ...
#15 244.4 Setting up libx11-data (2:1.7.5-1ubuntu0.3) ...
#15 244.6 Setting up librtmp1:amd64 (2.4+20151223.gitfa8646d.1-2build4) ...
#15 244.8 Setting up libsigsegv2:amd64 (2.13-1ubuntu3) ...
#15 244.9 Setting up libquadmath0:amd64 (12.3.0-1ubuntu1~22.04.3) ...
#15 245.1 Setting up libhwloc15:amd64 (2.7.0-2ubuntu1) ...
#15 245.3 Setting up libevent-core-2.1-7:amd64 (2.1.12-stable-1ubuntu0.2) ...
#15 245.6 Setting up libatomic1:amd64 (12.3.0-1ubuntu1~22.04.3) ...
#15 245.8 Setting up libevent-2.1-7:amd64 (2.1.12-stable-1ubuntu0.2) ...
#15 246.0 Setting up libltdl7:amd64 (2.4.6-15build2) ...
#15 246.2 Setting up libssh-4:amd64 (0.9.6-2ubuntu0.22.04.8) ...
#15 246.6 Setting up libgfortran5:amd64 (12.3.0-1ubuntu1~22.04.3) ...
#15 ...

#17 [phase2-seq-design 4/6] RUN pip install --no-cache-dir     biopython==1.83     pyyaml==6.0     numpy==1.25.2     pandas==2.0.0     torch==2.1.0     scikit-learn==1.3.0
#17 126.2 Collecting scikit-learn==1.3.0
#17 126.3   Downloading scikit_learn-1.3.0-cp310-cp310-manylinux_2_17_x86_64.manylinux2014_x86_64.whl (10.8 MB)
#17 127.5      ━━━━━━━━━━━━━━━━━━━━━━━━━━━━━━━━━━━━━━━━ 10.8/10.8 MB 9.4 MB/s eta 0:00:00
#17 127.7 Collecting python-dateutil>=2.8.2
#17 127.7   Downloading python_dateutil-2.9.0.post0-py2.py3-none-any.whl (229 kB)
#17 127.8      ━━━━━━━━━━━━━━━━━━━━━━━━━━━━━━━━━━━━━━━ 229.9/229.9 KB 5.8 MB/s eta 0:00:00
#17 127.9 Collecting pytz>=2020.1
#17 128.0   Downloading pytz-2026.5-py2.py3-none-any.whl (506 kB)
#17 128.0      ━━━━━━━━━━━━━━━━━━━━━━━━━━━━━━━━━━━━━━ 506.3/506.3 KB 13.3 MB/s eta 0:00:00
#17 128.1 Collecting tzdata>=2022.1
#17 128.2   Downloading tzdata-2026.5-py2.py3-none-any.whl (347 kB)
#17 128.2      ━━━━━━━━━━━━━━━━━━━━━━━━━━━━━━━━━━━━━━ 348.0/348.0 KB 16.2 MB/s eta 0:00:00
#17 128.3 Collecting sympy
#17 128.4   Downloading sympy-1.14.0-py3-none-any.whl (6.3 MB)
#17 129.1      ━━━━━━━━━━━━━━━━━━━━━━━━━━━━━━━━━━━━━━━━ 6.3/6.3 MB 8.4 MB/s eta 0:00:00
#17 129.3 Collecting filelock
#17 129.4   Downloading filelock-4.0.10-py3-none-any.whl (111 kB)
#17 129.4      ━━━━━━━━━━━━━━━━━━━━━━━━━━━━━━━━━━━━━━ 111.2/111.2 KB 17.6 MB/s eta 0:00:00
#17 129.6 Collecting nvidia-cuda-runtime-cu12==12.1.105
#17 129.6   Downloading nvidia_cuda_runtime_cu12-12.1.105-py3-none-manylinux1_x86_64.whl (823 kB)
#17 129.7      ━━━━━━━━━━━━━━━━━━━━━━━━━━━━━━━━━━━━━━ 823.6/823.6 KB 12.9 MB/s eta 0:00:00
#17 129.9 Collecting nvidia-cusolver-cu12==11.4.5.107
#17 130.0   Downloading nvidia_cusolver_cu12-11.4.5.107-py3-none-manylinux1_x86_64.whl (124.2 MB)
#17 ...

#14 [phase3b-complex 3/9] RUN apt-get update && apt-get install -y     wget curl git python3.10 python3-pip     build-essential openmpi-bin libopenmpi-dev     && rm -rf /var/lib/apt/lists/*
#14 243.2 Setting up file (1:5.41-3ubuntu0.1) ...
#14 243.4 Setting up libgomp1:amd64 (12.3.0-1ubuntu1~22.04.3) ...
#14 243.6 Setting up libasan6:amd64 (11.4.0-1ubuntu1~22.04.3) ...
#14 243.8 Setting up liberror-perl (0.17029-1) ...
#14 244.0 Setting up autotools-dev (20220109.1) ...
#14 244.2 Setting up libexpat1-dev:amd64 (2.4.7-1ubuntu0.9) ...
#14 244.4 Setting up libx11-data (2:1.7.5-1ubuntu0.3) ...
#14 244.6 Setting up librtmp1:amd64 (2.4+20151223.gitfa8646d.1-2build4) ...
#14 244.8 Setting up libsigsegv2:amd64 (2.13-1ubuntu3) ...
#14 244.9 Setting up libquadmath0:amd64 (12.3.0-1ubuntu1~22.04.3) ...
#14 245.1 Setting up libhwloc15:amd64 (2.7.0-2ubuntu1) ...
#14 245.2 Setting up libevent-core-2.1-7:amd64 (2.1.12-stable-1ubuntu0.2) ...
#14 245.6 Setting up libatomic1:amd64 (12.3.0-1ubuntu1~22.04.3) ...
#14 245.8 Setting up libevent-2.1-7:amd64 (2.1.12-stable-1ubuntu0.2) ...
#14 246.0 Setting up libltdl7:amd64 (2.4.6-15build2) ...
#14 246.2 Setting up libssh-4:amd64 (0.9.6-2ubuntu0.22.04.8) ...
#14 246.5 Setting up libgfortran5:amd64 (12.3.0-1ubuntu1~22.04.3) ...
#14 246.8 Setting up libubsan1:amd64 (12.3.0-1ubuntu1~22.04.3) ...
#14 247.1 Setting up zlib1g-dev:amd64 (1:1.2.11.dfsg-2ubuntu9.2) ...
#14 247.5 Setting up libnuma1:amd64 (2.0.14-3ubuntu2) ...
#14 247.8 Setting up libmd0:amd64 (1.0.4-1build1) ...
#14 248.2 Setting up ocl-icd-libopencl1:amd64 (2.2.14-3) ...
#14 248.6 Setting up libnl-3-200:amd64 (3.5.0-0.1) ...
#14 249.0 Setting up libmpdec3:amd64 (2.5.1-2build2) ...
#14 249.3 Setting up libpsm2-2 (11.2.185-1) ...
#14 249.5 Setting up openmpi-common (4.1.2-2ubuntu1) ...
#14 249.7 Setting up libcurl4:amd64 (7.81.0-1ubuntu1.29) ...
#14 250.0 Setting up git-man (1:2.34.1-1ubuntu1.17) ...
#14 250.2 Setting up curl (7.81.0-1ubuntu1.29) ...
#14 250.4 Setting up libpsm-infinipath1 (3.3+20.604758e7-6.1) ...
#14 250.6 update-alternatives: using /usr/lib/libpsm1/libpsm_infinipath.so.1.16 to provide /usr/lib/x86_64-linux-gnu/libpsm_infinipath.so.1 (libpsm_infinipath.so.1) in auto mode
#14 250.7 Setting up libjs-jquery (3.6.0+dfsg+~3.5.13-1) ...
#14 251.0 Setting up libfido2-1:amd64 (1.10.0-1) ...
#14 251.2 Setting up libbsd0:amd64 (0.11.5-1) ...
#14 251.5 Setting up publicsuffix (20211207.1025-1) ...
#14 251.6 Setting up libcc1-0:amd64 (12.3.0-1ubuntu1~22.04.3) ...
#14 251.8 Setting up liblsan0:amd64 (12.3.0-1ubuntu1~22.04.3) ...
#14 251.9 Setting up libitm1:amd64 (12.3.0-1ubuntu1~22.04.3) ...
#14 252.1 Setting up libjs-underscore (1.13.2~dfsg-2) ...
#14 252.2 Setting up libicu70:amd64 (70.1-2) ...
#14 252.4 Setting up libevent-pthreads-2.1-7:amd64 (2.1.12-stable-1ubuntu0.2) ...
#14 252.6 Setting up libtsan0:amd64 (11.4.0-1ubuntu1~22.04.3) ...
#14 252.8 Setting up cpp-11 (11.4.0-1ubuntu1~22.04.3) ...
#14 253.0 Setting up libxdmcp6:amd64 (1:1.1.3-0ubuntu5) ...
#14 253.1 Setting up libevent-extra-2.1-7:amd64 (2.1.12-stable-1ubuntu0.2) ...
#14 253.3 Setting up libxcb1:amd64 (1.14-3ubuntu3) ...
#14 253.5 Setting up libtool (2.4.6-15build2) ...
#14 253.6 Setting up libedit2:amd64 (3.1-20210910-1build1) ...
#14 253.8 Setting up libevent-openssl-2.1-7:amd64 (2.1.12-stable-1ubuntu0.2) ...
#14 254.0 Setting up m4 (1.4.18-5ubuntu2) ...
#14 254.1 Setting up libcurl3-gnutls:amd64 (7.81.0-1ubuntu1.29) ...
#14 254.3 Setting up libnuma-dev:amd64 (2.0.14-3ubuntu2) ...
#14 ...

#15 [phase1-backbone-gen 3/6] RUN apt-get update && apt-get install -y     wget curl git python3.10 python3-pip     build-essential libopenmpi-dev openmpi-bin     && rm -rf /var/lib/apt/lists/*
#15 246.9 Setting up libubsan1:amd64 (12.3.0-1ubuntu1~22.04.3) ...
#15 247.2 Setting up zlib1g-dev:amd64 (1:1.2.11.dfsg-2ubuntu9.2) ...
#15 247.6 Setting up libnuma1:amd64 (2.0.14-3ubuntu2) ...
#15 248.0 Setting up libmd0:amd64 (1.0.4-1build1) ...
#15 248.3 Setting up ocl-icd-libopencl1:amd64 (2.2.14-3) ...
#15 248.6 Setting up libnl-3-200:amd64 (3.5.0-0.1) ...
#15 249.1 Setting up libmpdec3:amd64 (2.5.1-2build2) ...
#15 249.4 Setting up libpsm2-2 (11.2.185-1) ...
#15 249.6 Setting up openmpi-common (4.1.2-2ubuntu1) ...
#15 249.8 Setting up libcurl4:amd64 (7.81.0-1ubuntu1.29) ...
#15 250.0 Setting up git-man (1:2.34.1-1ubuntu1.17) ...
#15 250.3 Setting up curl (7.81.0-1ubuntu1.29) ...
#15 250.5 Setting up libpsm-infinipath1 (3.3+20.604758e7-6.1) ...
#15 250.7 update-alternatives: using /usr/lib/libpsm1/libpsm_infinipath.so.1.16 to provide /usr/lib/x86_64-linux-gnu/libpsm_infinipath.so.1 (libpsm_infinipath.so.1) in auto mode
#15 250.8 Setting up libjs-jquery (3.6.0+dfsg+~3.5.13-1) ...
#15 251.0 Setting up libfido2-1:amd64 (1.10.0-1) ...
#15 251.3 Setting up libbsd0:amd64 (0.11.5-1) ...
#15 251.5 Setting up publicsuffix (20211207.1025-1) ...
#15 251.7 Setting up libcc1-0:amd64 (12.3.0-1ubuntu1~22.04.3) ...
#15 251.8 Setting up liblsan0:amd64 (12.3.0-1ubuntu1~22.04.3) ...
#15 252.0 Setting up libitm1:amd64 (12.3.0-1ubuntu1~22.04.3) ...
#15 252.1 Setting up libjs-underscore (1.13.2~dfsg-2) ...
#15 252.3 Setting up libicu70:amd64 (70.1-2) ...
#15 252.5 Setting up libevent-pthreads-2.1-7:amd64 (2.1.12-stable-1ubuntu0.2) ...
#15 252.7 Setting up libtsan0:amd64 (11.4.0-1ubuntu1~22.04.3) ...
#15 252.9 Setting up cpp-11 (11.4.0-1ubuntu1~22.04.3) ...
#15 253.0 Setting up libxdmcp6:amd64 (1:1.1.3-0ubuntu5) ...
#15 253.2 Setting up libevent-extra-2.1-7:amd64 (2.1.12-stable-1ubuntu0.2) ...
#15 253.4 Setting up libxcb1:amd64 (1.14-3ubuntu3) ...
#15 253.5 Setting up libtool (2.4.6-15build2) ...
#15 253.7 Setting up libedit2:amd64 (3.1-20210910-1build1) ...
#15 253.9 Setting up libevent-openssl-2.1-7:amd64 (2.1.12-stable-1ubuntu0.2) ...
#15 254.0 Setting up m4 (1.4.18-5ubuntu2) ...
#15 254.2 Setting up libcurl3-gnutls:amd64 (7.81.0-1ubuntu1.29) ...
#15 254.3 Setting up libnuma-dev:amd64 (2.0.14-3ubuntu2) ...
#15 254.5 Setting up libnl-route-3-200:amd64 (3.5.0-0.1) ...
#15 254.7 Setting up libpython3.10-stdlib:amd64 (3.10.12-1~22.04.18) ...
#15 254.8 Setting up libjs-jquery-ui (1.13.1+dfsg-1) ...
#15 255.0 Setting up libevent-dev (2.1.12-stable-1ubuntu0.2) ...
#15 255.1 Setting up git (1:2.34.1-1ubuntu1.17) ...
#15 255.3 Setting up libjs-sphinxdoc (4.3.2-1) ...
#15 255.5 Setting up autoconf (2.71-2) ...
#15 255.7 Setting up libgcc-11-dev:amd64 (11.4.0-1ubuntu1~22.04.3) ...
#15 255.8 Setting up libnl-3-dev:amd64 (3.5.0-0.1) ...
#15 ...

#14 [phase3b-complex 3/9] RUN apt-get update && apt-get install -y     wget curl git python3.10 python3-pip     build-essential openmpi-bin libopenmpi-dev     && rm -rf /var/lib/apt/lists/*
#14 254.4 Setting up libnl-route-3-200:amd64 (3.5.0-0.1) ...
#14 254.6 Setting up libpython3.10-stdlib:amd64 (3.10.12-1~22.04.18) ...
#14 254.7 Setting up libjs-jquery-ui (1.13.1+dfsg-1) ...
#14 254.9 Setting up libevent-dev (2.1.12-stable-1ubuntu0.2) ...
#14 255.0 Setting up git (1:2.34.1-1ubuntu1.17) ...
#14 255.3 Setting up libjs-sphinxdoc (4.3.2-1) ...
#14 255.4 Setting up autoconf (2.71-2) ...
#14 255.6 Setting up libgcc-11-dev:amd64 (11.4.0-1ubuntu1~22.04.3) ...
#14 255.7 Setting up libnl-3-dev:amd64 (3.5.0-0.1) ...
#14 255.9 Setting up gcc-11 (11.4.0-1ubuntu1~22.04.3) ...
#14 256.0 Setting up libx11-6:amd64 (2:1.7.5-1ubuntu0.3) ...
#14 256.2 Setting up libxml2:amd64 (2.9.13+dfsg-1ubuntu0.13) ...
#14 256.3 Setting up libxmuu1:amd64 (2:1.1.3-3) ...
#14 256.5 Setting up libpython3-stdlib:amd64 (3.10.6-1~22.04.1) ...
#14 256.7 Setting up automake (1:1.16.5-1.3) ...
#14 256.8 update-alternatives: using /usr/bin/automake-1.16 to provide /usr/bin/automake (automake) in auto mode
#14 256.8 update-alternatives: warning: skip creation of /usr/share/man/man1/automake.1.gz because associated file /usr/share/man/man1/automake-1.16.1.gz (of link group automake) doesn't exist
#14 256.8 update-alternatives: warning: skip creation of /usr/share/man/man1/aclocal.1.gz because associated file /usr/share/man/man1/aclocal-1.16.1.gz (of link group automake) doesn't exist
#14 256.9 Setting up libpython3.10:amd64 (3.10.12-1~22.04.18) ...
#14 257.0 Setting up libibverbs1:amd64 (39.0-1) ...
#14 257.5 Setting up python3.10 (3.10.12-1~22.04.18) ...
#14 259.9 Setting up ibverbs-providers:amd64 (39.0-1) ...
#14 261.3 Setting up libgfortran-11-dev:amd64 (11.4.0-1ubuntu1~22.04.3) ...
#14 261.5 Setting up openssh-client (1:8.9p1-3ubuntu0.17) ...
#14 262.0 update-alternatives: using /usr/bin/ssh to provide /usr/bin/rsh (rsh) in auto mode
#14 262.0 update-alternatives: warning: skip creation of /usr/share/man/man1/rsh.1.gz because associated file /usr/share/man/man1/ssh.1.gz (of link group rsh) doesn't exist
#14 262.0 update-alternatives: using /usr/bin/slogin to provide /usr/bin/rlogin (rlogin) in auto mode
#14 262.0 update-alternatives: warning: skip creation of /usr/share/man/man1/rlogin.1.gz because associated file /usr/share/man/man1/slogin.1.gz (of link group rlogin) doesn't exist
#14 262.0 update-alternatives: using /usr/bin/scp to provide /usr/bin/rcp (rcp) in auto mode
#14 262.0 update-alternatives: warning: skip creation of /usr/share/man/man1/rcp.1.gz because associated file /usr/share/man/man1/scp.1.gz (of link group rcp) doesn't exist
#14 262.1 Setting up libxext6:amd64 (2:1.3.4-1build1) ...
#14 262.3 Setting up python3 (3.10.6-1~22.04.1) ...
#14 262.4 running python rtupdate hooks for python3.10...
#14 262.4 running python post-rtupdate hooks for python3.10...
#14 ...

#17 [phase2-seq-design 4/6] RUN pip install --no-cache-dir     biopython==1.83     pyyaml==6.0     numpy==1.25.2     pandas==2.0.0     torch==2.1.0     scikit-learn==1.3.0
#17 144.2      ━━━━━━━━━━━━━━━━━━━━━━━━━━━━━━━━━━━━━━━ 124.2/124.2 MB 6.0 MB/s eta 0:00:00
#17 144.7 Collecting nvidia-nccl-cu12==2.18.1
#17 144.8   Downloading nvidia_nccl_cu12-2.18.1-py3-none-manylinux1_x86_64.whl (209.8 MB)
#17 ...

#15 [phase1-backbone-gen 3/6] RUN apt-get update && apt-get install -y     wget curl git python3.10 python3-pip     build-essential libopenmpi-dev openmpi-bin     && rm -rf /var/lib/apt/lists/*
#15 256.0 Setting up gcc-11 (11.4.0-1ubuntu1~22.04.3) ...
#15 256.1 Setting up libx11-6:amd64 (2:1.7.5-1ubuntu0.3) ...
#15 256.3 Setting up libxml2:amd64 (2.9.13+dfsg-1ubuntu0.13) ...
#15 256.4 Setting up libxmuu1:amd64 (2:1.1.3-3) ...
#15 256.6 Setting up libpython3-stdlib:amd64 (3.10.6-1~22.04.1) ...
#15 256.8 Setting up automake (1:1.16.5-1.3) ...
#15 256.9 update-alternatives: using /usr/bin/automake-1.16 to provide /usr/bin/automake (automake) in auto mode
#15 256.9 update-alternatives: warning: skip creation of /usr/share/man/man1/automake.1.gz because associated file /usr/share/man/man1/automake-1.16.1.gz (of link group automake) doesn't exist
#15 256.9 update-alternatives: warning: skip creation of /usr/share/man/man1/aclocal.1.gz because associated file /usr/share/man/man1/aclocal-1.16.1.gz (of link group automake) doesn't exist
#15 257.0 Setting up libpython3.10:amd64 (3.10.12-1~22.04.18) ...
#15 257.2 Setting up libibverbs1:amd64 (39.0-1) ...
#15 257.6 Setting up python3.10 (3.10.12-1~22.04.18) ...
#15 261.5 Setting up ibverbs-providers:amd64 (39.0-1) ...
#15 262.6 Setting up libgfortran-11-dev:amd64 (11.4.0-1ubuntu1~22.04.3) ...
#15 262.8 Setting up openssh-client (1:8.9p1-3ubuntu0.17) ...
#15 263.4 update-alternatives: using /usr/bin/ssh to provide /usr/bin/rsh (rsh) in auto mode
#15 263.4 update-alternatives: warning: skip creation of /usr/share/man/man1/rsh.1.gz because associated file /usr/share/man/man1/ssh.1.gz (of link group rsh) doesn't exist
#15 263.5 update-alternatives: using /usr/bin/slogin to provide /usr/bin/rlogin (rlogin) in auto mode
#15 263.5 update-alternatives: warning: skip creation of /usr/share/man/man1/rlogin.1.gz because associated file /usr/share/man/man1/slogin.1.gz (of link group rlogin) doesn't exist
#15 263.5 update-alternatives: using /usr/bin/scp to provide /usr/bin/rcp (rcp) in auto mode
#15 263.5 update-alternatives: warning: skip creation of /usr/share/man/man1/rcp.1.gz because associated file /usr/share/man/man1/scp.1.gz (of link group rcp) doesn't exist
#15 263.8 Setting up libxext6:amd64 (2:1.3.4-1build1) ...
#15 264.4 Setting up python3 (3.10.6-1~22.04.1) ...
#15 264.7 running python rtupdate hooks for python3.10...
#15 264.7 running python post-rtupdate hooks for python3.10...
#15 265.1 Setting up libxnvctrl0:amd64 (615.71.09-2ubuntu1) ...
#15 265.2 Setting up libnl-route-3-dev:amd64 (3.5.0-0.1) ...
#15 265.4 Setting up libltdl-dev:amd64 (2.4.6-15build2) ...
#15 265.5 Setting up libpython3.10-dev:amd64 (3.10.12-1~22.04.18) ...
#15 265.6 Setting up gfortran-11 (11.4.0-1ubuntu1~22.04.3) ...
#15 265.8 Setting up libstdc++-11-dev:amd64 (11.4.0-1ubuntu1~22.04.3) ...
#15 265.9 Setting up python3.10-dev (3.10.12-1~22.04.18) ...
#15 266.0 Setting up xauth (1:1.1-1build2) ...
#15 266.2 Setting up libhwloc-dev:amd64 (2.7.0-2ubuntu1) ...
#15 266.3 Setting up python3-lib2to3 (3.10.8-1~22.04) ...
#15 ...

#14 [phase3b-complex 3/9] RUN apt-get update && apt-get install -y     wget curl git python3.10 python3-pip     build-essential openmpi-bin libopenmpi-dev     && rm -rf /var/lib/apt/lists/*
#14 263.3 Setting up libxnvctrl0:amd64 (615.71.09-2ubuntu1) ...
#14 263.5 Setting up libnl-route-3-dev:amd64 (3.5.0-0.1) ...
#14 264.2 Setting up libltdl-dev:amd64 (2.4.6-15build2) ...
#14 264.7 Setting up libpython3.10-dev:amd64 (3.10.12-1~22.04.18) ...
#14 264.8 Setting up gfortran-11 (11.4.0-1ubuntu1~22.04.3) ...
#14 265.0 Setting up libstdc++-11-dev:amd64 (11.4.0-1ubuntu1~22.04.3) ...
#14 265.1 Setting up python3.10-dev (3.10.12-1~22.04.18) ...
#14 265.3 Setting up xauth (1:1.1-1build2) ...
#14 265.4 Setting up libhwloc-dev:amd64 (2.7.0-2ubuntu1) ...
#14 265.5 Setting up python3-lib2to3 (3.10.8-1~22.04) ...
#14 266.2 Setting up python3-pkg-resources (59.6.0-1.2ubuntu0.22.04.3) ...
#14 267.1 Setting up python3-distutils (3.10.8-1~22.04) ...
#14 267.5 Setting up librdmacm1:amd64 (39.0-1) ...
#14 267.7 Setting up libucx0:amd64 (1.12.1~rc2-1) ...
#14 267.8 Setting up libpython3-dev:amd64 (3.10.6-1~22.04.1) ...
#14 267.9 Setting up python3-setuptools (59.6.0-1.2ubuntu0.22.04.3) ...
#14 269.5 Setting up g++-11 (11.4.0-1ubuntu1~22.04.3) ...
#14 269.6 Setting up libibverbs-dev:amd64 (39.0-1) ...
#14 269.7 Setting up libhwloc-plugins:amd64 (2.7.0-2ubuntu1) ...
#14 269.9 Setting up python3-wheel (0.37.1-2ubuntu0.22.04.1) ...
#14 270.5 Setting up gfortran (4:11.2.0-1ubuntu1) ...
#14 270.6 update-alternatives: using /usr/bin/gfortran to provide /usr/bin/f95 (f95) in auto mode
#14 270.6 update-alternatives: warning: skip creation of /usr/share/man/man1/f95.1.gz because associated file /usr/share/man/man1/gfortran.1.gz (of link group f95) doesn't exist
#14 270.6 update-alternatives: using /usr/bin/gfortran to provide /usr/bin/f77 (f77) in auto mode
#14 270.6 update-alternatives: warning: skip creation of /usr/share/man/man1/f77.1.gz because associated file /usr/share/man/man1/gfortran.1.gz (of link group f77) doesn't exist
#14 270.7 Setting up python3-dev (3.10.6-1~22.04.1) ...
#14 270.9 Setting up python3-pip (22.0.2+dfsg-1ubuntu0.7) ...
#14 ...

#15 [phase1-backbone-gen 3/6] RUN apt-get update && apt-get install -y     wget curl git python3.10 python3-pip     build-essential libopenmpi-dev openmpi-bin     && rm -rf /var/lib/apt/lists/*
#15 266.8 Setting up python3-pkg-resources (59.6.0-1.2ubuntu0.22.04.3) ...
#15 267.4 Setting up python3-distutils (3.10.8-1~22.04) ...
#15 267.8 Setting up librdmacm1:amd64 (39.0-1) ...
#15 267.9 Setting up libucx0:amd64 (1.12.1~rc2-1) ...
#15 268.1 Setting up libpython3-dev:amd64 (3.10.6-1~22.04.1) ...
#15 268.2 Setting up python3-setuptools (59.6.0-1.2ubuntu0.22.04.3) ...
#15 269.6 Setting up g++-11 (11.4.0-1ubuntu1~22.04.3) ...
#15 269.7 Setting up libibverbs-dev:amd64 (39.0-1) ...
#15 269.8 Setting up libhwloc-plugins:amd64 (2.7.0-2ubuntu1) ...
#15 270.0 Setting up python3-wheel (0.37.1-2ubuntu0.22.04.1) ...
#15 270.9 Setting up gfortran (4:11.2.0-1ubuntu1) ...
#15 271.0 update-alternatives: using /usr/bin/gfortran to provide /usr/bin/f95 (f95) in auto mode
#15 271.0 update-alternatives: warning: skip creation of /usr/share/man/man1/f95.1.gz because associated file /usr/share/man/man1/gfortran.1.gz (of link group f95) doesn't exist
#15 271.0 update-alternatives: using /usr/bin/gfortran to provide /usr/bin/f77 (f77) in auto mode
#15 271.0 update-alternatives: warning: skip creation of /usr/share/man/man1/f77.1.gz because associated file /usr/share/man/man1/gfortran.1.gz (of link group f77) doesn't exist
#15 271.1 Setting up python3-dev (3.10.6-1~22.04.1) ...
#15 271.3 Setting up python3-pip (22.0.2+dfsg-1ubuntu0.7) ...
#15 278.1 Setting up libfabric1:amd64 (1.11.0-3) ...
#15 278.2 Setting up libpmix2:amd64 (4.1.2-2ubuntu1) ...
#15 278.4 Setting up libcoarrays-dev:amd64 (2.9.2-3) ...
#15 ...

#14 [phase3b-complex 3/9] RUN apt-get update && apt-get install -y     wget curl git python3.10 python3-pip     build-essential openmpi-bin libopenmpi-dev     && rm -rf /var/lib/apt/lists/*
#14 278.2 Setting up libfabric1:amd64 (1.11.0-3) ...
#14 278.4 Setting up libpmix2:amd64 (4.1.2-2ubuntu1) ...
#14 278.6 Setting up libcoarrays-dev:amd64 (2.9.2-3) ...
#14 278.7 Setting up libopenmpi3:amd64 (4.1.2-2ubuntu1) ...
#14 278.9 Setting up libcaf-openmpi-3:amd64 (2.9.2-3) ...
#14 279.1 Setting up libpmix-dev:amd64 (4.1.2-2ubuntu1) ...
#14 279.3 Setting up openmpi-bin (4.1.2-2ubuntu1) ...
#14 279.6 update-alternatives: using /usr/bin/mpirun.openmpi to provide /usr/bin/mpirun (mpirun) in auto mode
#14 279.6 update-alternatives: warning: skip creation of /usr/share/man/man1/mpirun.1.gz because associated file /usr/share/man/man1/mpirun.openmpi.1.gz (of link group mpirun) doesn't exist
#14 279.6 update-alternatives: warning: skip creation of /usr/share/man/man1/mpiexec.1.gz because associated file /usr/share/man/man1/mpiexec.openmpi.1.gz (of link group mpirun) doesn't exist
#14 279.6 update-alternatives: using /usr/bin/mpicc.openmpi to provide /usr/bin/mpicc (mpi) in auto mode
#14 279.6 update-alternatives: warning: skip creation of /usr/share/man/man1/mpicc.1.gz because associated file /usr/share/man/man1/mpicc.openmpi.1.gz (of link group mpi) doesn't exist
#14 279.6 update-alternatives: warning: skip creation of /usr/share/man/man1/mpic++.1.gz because associated file /usr/share/man/man1/mpic++.openmpi.1.gz (of link group mpi) doesn't exist
#14 279.6 update-alternatives: warning: skip creation of /usr/share/man/man1/mpicxx.1.gz because associated file /usr/share/man/man1/mpicxx.openmpi.1.gz (of link group mpi) doesn't exist
#14 279.6 update-alternatives: warning: skip creation of /usr/share/man/man1/mpiCC.1.gz because associated file /usr/share/man/man1/mpiCC.openmpi.1.gz (of link group mpi) doesn't exist
#14 279.6 update-alternatives: warning: skip creation of /usr/share/man/man1/mpif77.1.gz because associated file /usr/share/man/man1/mpif77.openmpi.1.gz (of link group mpi) doesn't exist
#14 279.6 update-alternatives: warning: skip creation of /usr/share/man/man1/mpif90.1.gz because associated file /usr/share/man/man1/mpif90.openmpi.1.gz (of link group mpi) doesn't exist
#14 279.6 update-alternatives: warning: skip creation of /usr/share/man/man1/mpifort.1.gz because associated file /usr/share/man/man1/mpifort.openmpi.1.gz (of link group mpi) doesn't exist
#14 279.7 Setting up libcoarrays-openmpi-dev:amd64 (2.9.2-3) ...
#14 279.9 update-alternatives: using /usr/lib/x86_64-linux-gnu/open-coarrays/openmpi/bin/caf to provide /usr/bin/caf.openmpi (caf-openmpi) in auto mode
#14 279.9 update-alternatives: using /usr/bin/caf.openmpi to provide /usr/bin/caf (caf) in auto mode
#14 280.0 Setting up libopenmpi-dev:amd64 (4.1.2-2ubuntu1) ...
#14 280.1 update-alternatives: using /usr/lib/x86_64-linux-gnu/openmpi/include to provide /usr/include/x86_64-linux-gnu/mpi (mpi-x86_64-linux-gnu) in auto mode
#14 280.2 Processing triggers for libc-bin (2.35-0ubuntu3.4) ...
#14 ...

#15 [phase1-backbone-gen 3/6] RUN apt-get update && apt-get install -y     wget curl git python3.10 python3-pip     build-essential libopenmpi-dev openmpi-bin     && rm -rf /var/lib/apt/lists/*
#15 278.5 Setting up libopenmpi3:amd64 (4.1.2-2ubuntu1) ...
#15 278.7 Setting up libcaf-openmpi-3:amd64 (2.9.2-3) ...
#15 278.9 Setting up libpmix-dev:amd64 (4.1.2-2ubuntu1) ...
#15 279.1 Setting up openmpi-bin (4.1.2-2ubuntu1) ...
#15 279.4 update-alternatives: using /usr/bin/mpirun.openmpi to provide /usr/bin/mpirun (mpirun) in auto mode
#15 279.4 update-alternatives: warning: skip creation of /usr/share/man/man1/mpirun.1.gz because associated file /usr/share/man/man1/mpirun.openmpi.1.gz (of link group mpirun) doesn't exist
#15 279.4 update-alternatives: warning: skip creation of /usr/share/man/man1/mpiexec.1.gz because associated file /usr/share/man/man1/mpiexec.openmpi.1.gz (of link group mpirun) doesn't exist
#15 279.5 update-alternatives: using /usr/bin/mpicc.openmpi to provide /usr/bin/mpicc (mpi) in auto mode
#15 279.5 update-alternatives: warning: skip creation of /usr/share/man/man1/mpicc.1.gz because associated file /usr/share/man/man1/mpicc.openmpi.1.gz (of link group mpi) doesn't exist
#15 279.5 update-alternatives: warning: skip creation of /usr/share/man/man1/mpic++.1.gz because associated file /usr/share/man/man1/mpic++.openmpi.1.gz (of link group mpi) doesn't exist
#15 279.5 update-alternatives: warning: skip creation of /usr/share/man/man1/mpicxx.1.gz because associated file /usr/share/man/man1/mpicxx.openmpi.1.gz (of link group mpi) doesn't exist
#15 279.5 update-alternatives: warning: skip creation of /usr/share/man/man1/mpiCC.1.gz because associated file /usr/share/man/man1/mpiCC.openmpi.1.gz (of link group mpi) doesn't exist
#15 279.5 update-alternatives: warning: skip creation of /usr/share/man/man1/mpif77.1.gz because associated file /usr/share/man/man1/mpif77.openmpi.1.gz (of link group mpi) doesn't exist
#15 279.5 update-alternatives: warning: skip creation of /usr/share/man/man1/mpif90.1.gz because associated file /usr/share/man/man1/mpif90.openmpi.1.gz (of link group mpi) doesn't exist
#15 279.5 update-alternatives: warning: skip creation of /usr/share/man/man1/mpifort.1.gz because associated file /usr/share/man/man1/mpifort.openmpi.1.gz (of link group mpi) doesn't exist
#15 279.6 Setting up libcoarrays-openmpi-dev:amd64 (2.9.2-3) ...
#15 279.7 update-alternatives: using /usr/lib/x86_64-linux-gnu/open-coarrays/openmpi/bin/caf to provide /usr/bin/caf.openmpi (caf-openmpi) in auto mode
#15 279.7 update-alternatives: using /usr/bin/caf.openmpi to provide /usr/bin/caf (caf) in auto mode
#15 279.8 Setting up libopenmpi-dev:amd64 (4.1.2-2ubuntu1) ...
#15 279.9 update-alternatives: using /usr/lib/x86_64-linux-gnu/openmpi/include to provide /usr/include/x86_64-linux-gnu/mpi (mpi-x86_64-linux-gnu) in auto mode
#15 280.0 Processing triggers for libc-bin (2.35-0ubuntu3.4) ...
#15 ...

#17 [phase2-seq-design 4/6] RUN pip install --no-cache-dir     biopython==1.83     pyyaml==6.0     numpy==1.25.2     pandas==2.0.0     torch==2.1.0     scikit-learn==1.3.0
#17 174.4      ━━━━━━━━━━━━━━━━━━━━━━━━━━━━━━━━━━━━━━━ 209.8/209.8 MB 6.8 MB/s eta 0:00:00
#17 177.8 Collecting nvidia-cudnn-cu12==8.9.2.26
#17 177.9   Downloading nvidia_cudnn_cu12-8.9.2.26-py3-none-manylinux1_x86_64.whl (731.7 MB)
#17 ...

#15 [phase1-backbone-gen 3/6] RUN apt-get update && apt-get install -y     wget curl git python3.10 python3-pip     build-essential libopenmpi-dev openmpi-bin     && rm -rf /var/lib/apt/lists/*
#15 DONE 317.2s

#18 [phase0-target-prep 4/6] RUN pip install --no-cache-dir     biopython==1.83     pyyaml==6.0     numpy==1.25.2     pandas==2.0.0     dm-tree     dm-haiku     dm-sonnet     ml-collections     jax[cuda12_cudnn82]==0.4.20     protobuf==3.20.0
#18 ...

#14 [phase3d-energy 3/9] RUN apt-get update && apt-get install -y     wget curl git python3.10 python3-pip     build-essential openmpi-bin libopenmpi-dev     && rm -rf /var/lib/apt/lists/*
#14 DONE 317.4s

#19 [phase3c-ranking 4/9] RUN pip install --no-cache-dir     biopython==1.83     pyyaml==6.0     numpy==1.25.2     pandas==2.0.0     scikit-learn==1.3.0     torch==2.1.0     scipy==1.11.0     matplotlib==3.7.0
#19 7.760 Collecting biopython==1.83
#19 ...

#18 [phase0-target-prep 4/6] RUN pip install --no-cache-dir     biopython==1.83     pyyaml==6.0     numpy==1.25.2     pandas==2.0.0     dm-tree     dm-haiku     dm-sonnet     ml-collections     jax[cuda12_cudnn82]==0.4.20     protobuf==3.20.0
#18 8.489 Collecting biopython==1.83
#18 8.905   Downloading biopython-1.83-cp310-cp310-manylinux_2_17_x86_64.manylinux2014_x86_64.whl (3.1 MB)
#18 ...

#20 [phase1-backbone-gen 4/6] RUN pip install --no-cache-dir     biopython==1.83     pyyaml==6.0     numpy==1.25.2     pandas==2.0.0     torch==2.1.0     dm-tree     dm-haiku
#20 8.255 Collecting biopython==1.83
#20 8.659   Downloading biopython-1.83-cp310-cp310-manylinux_2_17_x86_64.manylinux2014_x86_64.whl (3.1 MB)
#20 ...

#19 [phase3c-ranking 4/9] RUN pip install --no-cache-dir     biopython==1.83     pyyaml==6.0     numpy==1.25.2     pandas==2.0.0     scikit-learn==1.3.0     torch==2.1.0     scipy==1.11.0     matplotlib==3.7.0
#19 8.339   Downloading biopython-1.83-cp310-cp310-manylinux_2_17_x86_64.manylinux2014_x86_64.whl (3.1 MB)
#19 10.05      ━━━━━━━━━━━━━━━━━━━━━━━━━━━━━━━━━━━━━━━━ 3.1/3.1 MB 1.8 MB/s eta 0:00:00
#19 10.29 Collecting pyyaml==6.0
#19 10.35   Downloading PyYAML-6.0-cp310-cp310-manylinux_2_5_x86_64.manylinux1_x86_64.manylinux_2_12_x86_64.manylinux2010_x86_64.whl (682 kB)
#19 10.50      ━━━━━━━━━━━━━━━━━━━━━━━━━━━━━━━━━━━━━━━ 682.2/682.2 KB 4.7 MB/s eta 0:00:00
#19 15.32 Collecting numpy==1.25.2
#19 15.39   Downloading numpy-1.25.2-cp310-cp310-manylinux_2_17_x86_64.manylinux2014_x86_64.whl (18.2 MB)
#19 ...

#18 [phase0-target-prep 4/6] RUN pip install --no-cache-dir     biopython==1.83     pyyaml==6.0     numpy==1.25.2     pandas==2.0.0     dm-tree     dm-haiku     dm-sonnet     ml-collections     jax[cuda12_cudnn82]==0.4.20     protobuf==3.20.0
#18 10.53      ━━━━━━━━━━━━━━━━━━━━━━━━━━━━━━━━━━━━━━━━ 3.1/3.1 MB 2.0 MB/s eta 0:00:00
#18 10.95 Collecting pyyaml==6.0
#18 11.04   Downloading PyYAML-6.0-cp310-cp310-manylinux_2_5_x86_64.manylinux1_x86_64.manylinux_2_12_x86_64.manylinux2010_x86_64.whl (682 kB)
#18 11.43      ━━━━━━━━━━━━━━━━━━━━━━━━━━━━━━━━━━━━━━━ 682.2/682.2 KB 1.8 MB/s eta 0:00:00
#18 15.92 Collecting numpy==1.25.2
#18 15.98   Downloading numpy-1.25.2-cp310-cp310-manylinux_2_17_x86_64.manylinux2014_x86_64.whl (18.2 MB)
#18 ...

#19 [phase3c-ranking 4/9] RUN pip install --no-cache-dir     biopython==1.83     pyyaml==6.0     numpy==1.25.2     pandas==2.0.0     scikit-learn==1.3.0     torch==2.1.0     scipy==1.11.0     matplotlib==3.7.0
#19 19.57      ━━━━━━━━━━━━━━━━━━━━━━━━━━━━━━━━━━━━━━━━ 18.2/18.2 MB 4.0 MB/s eta 0:00:00
#19 ...

#20 [phase1-backbone-gen 4/6] RUN pip install --no-cache-dir     biopython==1.83     pyyaml==6.0     numpy==1.25.2     pandas==2.0.0     torch==2.1.0     dm-tree     dm-haiku
#20 10.56      ━━━━━━━━━━━━━━━━━━━━━━━━━━━━━━━━━━━━━━━━ 3.1/3.1 MB 1.6 MB/s eta 0:00:00
#20 10.96 Collecting pyyaml==6.0
#20 11.03   Downloading PyYAML-6.0-cp310-cp310-manylinux_2_5_x86_64.manylinux1_x86_64.manylinux_2_12_x86_64.manylinux2010_x86_64.whl (682 kB)
#20 11.42      ━━━━━━━━━━━━━━━━━━━━━━━━━━━━━━━━━━━━━━━ 682.2/682.2 KB 1.9 MB/s eta 0:00:00
#20 15.96 Collecting numpy==1.25.2
#20 16.11   Downloading numpy-1.25.2-cp310-cp310-manylinux_2_17_x86_64.manylinux2014_x86_64.whl (18.2 MB)
#20 ...

#19 [phase3c-ranking 4/9] RUN pip install --no-cache-dir     biopython==1.83     pyyaml==6.0     numpy==1.25.2     pandas==2.0.0     scikit-learn==1.3.0     torch==2.1.0     scipy==1.11.0     matplotlib==3.7.0
#19 20.85 Collecting pandas==2.0.0
#19 20.92   Downloading pandas-2.0.0-cp310-cp310-manylinux_2_17_x86_64.manylinux2014_x86_64.whl (12.3 MB)
#19 22.99      ━━━━━━━━━━━━━━━━━━━━━━━━━━━━━━━━━━━━━━━━ 12.3/12.3 MB 6.0 MB/s eta 0:00:00
#19 23.90 Collecting scikit-learn==1.3.0
#19 23.98   Downloading scikit_learn-1.3.0-cp310-cp310-manylinux_2_17_x86_64.manylinux2014_x86_64.whl (10.8 MB)
#19 27.08      ━━━━━━━━━━━━━━━━━━━━━━━━━━━━━━━━━━━━━━━━ 10.8/10.8 MB 3.4 MB/s eta 0:00:00
#19 ...

#18 [phase0-target-prep 4/6] RUN pip install --no-cache-dir     biopython==1.83     pyyaml==6.0     numpy==1.25.2     pandas==2.0.0     dm-tree     dm-haiku     dm-sonnet     ml-collections     jax[cuda12_cudnn82]==0.4.20     protobuf==3.20.0
#18 21.32      ━━━━━━━━━━━━━━━━━━━━━━━━━━━━━━━━━━━━━━━━ 18.2/18.2 MB 4.4 MB/s eta 0:00:00
#18 22.15 Collecting pandas==2.0.0
#18 22.21   Downloading pandas-2.0.0-cp310-cp310-manylinux_2_17_x86_64.manylinux2014_x86_64.whl (12.3 MB)
#18 26.86      ━━━━━━━━━━━━━━━━━━━━━━━━━━━━━━━━━━━━━━━━ 12.3/12.3 MB 2.7 MB/s eta 0:00:00
#18 27.19 Collecting dm-tree
#18 27.26   Downloading dm_tree-0.1.10-cp310-cp310-manylinux_2_24_x86_64.manylinux_2_28_x86_64.whl (183 kB)
#18 27.32      ━━━━━━━━━━━━━━━━━━━━━━━━━━━━━━━━━━━━━━━ 183.9/183.9 KB 3.5 MB/s eta 0:00:00
#18 27.52 Collecting dm-haiku
#18 27.59   Downloading dm_haiku-0.0.17-py3-none-any.whl (377 kB)
#18 27.69      ━━━━━━━━━━━━━━━━━━━━━━━━━━━━━━━━━━━━━━━ 377.0/377.0 KB 4.1 MB/s eta 0:00:00
#18 ...

#19 [phase3c-ranking 4/9] RUN pip install --no-cache-dir     biopython==1.83     pyyaml==6.0     numpy==1.25.2     pandas==2.0.0     scikit-learn==1.3.0     torch==2.1.0     scipy==1.11.0     matplotlib==3.7.0
#19 27.51 Collecting torch==2.1.0
#19 27.66   Downloading torch-2.1.0-cp310-cp310-manylinux1_x86_64.whl (670.2 MB)
#19 ...

#20 [phase1-backbone-gen 4/6] RUN pip install --no-cache-dir     biopython==1.83     pyyaml==6.0     numpy==1.25.2     pandas==2.0.0     torch==2.1.0     dm-tree     dm-haiku
#20 21.56      ━━━━━━━━━━━━━━━━━━━━━━━━━━━━━━━━━━━━━━━━ 18.2/18.2 MB 4.0 MB/s eta 0:00:00
#20 22.42 Collecting pandas==2.0.0
#20 22.55   Downloading pandas-2.0.0-cp310-cp310-manylinux_2_17_x86_64.manylinux2014_x86_64.whl (12.3 MB)
#20 26.75      ━━━━━━━━━━━━━━━━━━━━━━━━━━━━━━━━━━━━━━━━ 12.3/12.3 MB 3.0 MB/s eta 0:00:00
#20 27.40 Collecting torch==2.1.0
#20 27.48   Downloading torch-2.1.0-cp310-cp310-manylinux1_x86_64.whl (670.2 MB)
#20 ...

#18 [phase0-target-prep 4/6] RUN pip install --no-cache-dir     biopython==1.83     pyyaml==6.0     numpy==1.25.2     pandas==2.0.0     dm-tree     dm-haiku     dm-sonnet     ml-collections     jax[cuda12_cudnn82]==0.4.20     protobuf==3.20.0
#18 27.91 Collecting dm-sonnet
#18 28.08   Downloading dm_sonnet-2.0.2-py3-none-any.whl (268 kB)
#18 28.27      ━━━━━━━━━━━━━━━━━━━━━━━━━━━━━━━━━━━━━━━ 268.4/268.4 KB 1.5 MB/s eta 0:00:00
#18 28.45 Collecting ml-collections
#18 28.53   Downloading ml_collections-1.1.0-py3-none-any.whl (76 kB)
#18 28.55      ━━━━━━━━━━━━━━━━━━━━━━━━━━━━━━━━━━━━━━━━ 76.7/76.7 KB 6.4 MB/s eta 0:00:00
#18 28.90 Collecting jax[cuda12_cudnn82]==0.4.20
#18 29.10   Downloading jax-0.4.20-py3-none-any.whl (1.7 MB)
#18 29.82      ━━━━━━━━━━━━━━━━━━━━━━━━━━━━━━━━━━━━━━━━ 1.7/1.7 MB 2.4 MB/s eta 0:00:00
#18 30.68 Collecting protobuf==3.20.0
#18 30.80   Downloading protobuf-3.20.0-cp310-cp310-manylinux_2_12_x86_64.manylinux2010_x86_64.whl (1.1 MB)
#18 31.15      ━━━━━━━━━━━━━━━━━━━━━━━━━━━━━━━━━━━━━━━━ 1.1/1.1 MB 3.1 MB/s eta 0:00:00
#18 31.47 Collecting python-dateutil>=2.8.2
#18 31.53   Downloading python_dateutil-2.9.0.post0-py2.py3-none-any.whl (229 kB)
#18 31.65      ━━━━━━━━━━━━━━━━━━━━━━━━━━━━━━━━━━━━━━━ 229.9/229.9 KB 2.8 MB/s eta 0:00:00
#18 31.84 Collecting pytz>=2020.1
#18 31.92   Downloading pytz-2026.5-py2.py3-none-any.whl (506 kB)
#18 32.34      ━━━━━━━━━━━━━━━━━━━━━━━━━━━━━━━━━━━━━━━ 506.3/506.3 KB 1.2 MB/s eta 0:00:00
#18 32.46 Collecting tzdata>=2022.1
#18 32.53   Downloading tzdata-2026.5-py2.py3-none-any.whl (347 kB)
#18 32.65      ━━━━━━━━━━━━━━━━━━━━━━━━━━━━━━━━━━━━━━━ 348.0/348.0 KB 2.9 MB/s eta 0:00:00
#18 32.72 WARNING: jax 0.4.20 does not provide the extra 'cuda12_cudnn82'
#18 33.49 Collecting scipy>=1.9
#18 33.57   Downloading scipy-1.15.3-cp310-cp310-manylinux_2_17_x86_64.manylinux2014_x86_64.whl (37.7 MB)
#18 56.56      ━━━━━━━━━━━━━━━━━━━━━━━━━━━━━━━━━━━━━━━━ 37.7/37.7 MB 1.4 MB/s eta 0:00:00
#18 56.79 Collecting opt-einsum
#18 56.85   Downloading opt_einsum-3.4.0-py3-none-any.whl (71 kB)
#18 56.94      ━━━━━━━━━━━━━━━━━━━━━━━━━━━━━━━━━━━━━━━━ 71.9/71.9 KB 24.4 MB/s eta 0:00:00
#18 57.08 Collecting ml-dtypes>=0.2.0
#18 57.14   Downloading ml_dtypes-0.6.0-cp310-cp310-manylinux_2_27_x86_64.manylinux_2_28_x86_64.whl (412 kB)
#18 57.32      ━━━━━━━━━━━━━━━━━━━━━━━━━━━━━━━━━━━━━━━ 412.0/412.0 KB 2.9 MB/s eta 0:00:00
#18 57.42 Collecting attrs>=18.2.0
#18 57.48   Downloading attrs-26.1.0-py3-none-any.whl (67 kB)
#18 57.50      ━━━━━━━━━━━━━━━━━━━━━━━━━━━━━━━━━━━━━━━━ 67.5/67.5 KB 4.4 MB/s eta 0:00:00
#18 63.01 Collecting wrapt>=1.11.2
#18 63.10   Downloading wrapt-2.5.0-cp310-cp310-manylinux1_x86_64.manylinux_2_28_x86_64.manylinux_2_5_x86_64.whl (231 kB)
#18 63.13      ━━━━━━━━━━━━━━━━━━━━━━━━━━━━━━━━━━━━━━━ 231.1/231.1 KB 7.7 MB/s eta 0:00:00
#18 63.24 Collecting absl-py>=0.6.1
#18 63.38   Downloading absl_py-2.5.0-py3-none-any.whl (137 kB)
#18 63.44      ━━━━━━━━━━━━━━━━━━━━━━━━━━━━━━━━━━━━━━━ 137.4/137.4 KB 2.1 MB/s eta 0:00:00
#18 63.78 Collecting jmp>=0.0.2
#18 63.89   Downloading jmp-0.0.4-py3-none-any.whl (18 kB)
#18 64.08 Collecting tabulate>=0.8.9
#18 64.18   Downloading tabulate-0.10.0-py3-none-any.whl (39 kB)
#18 64.63 Collecting ml-dtypes>=0.2.0
#18 64.72   Downloading ml_dtypes-0.5.4-cp310-cp310-manylinux_2_27_x86_64.manylinux_2_28_x86_64.whl (5.0 MB)
#18 67.21      ━━━━━━━━━━━━━━━━━━━━━━━━━━━━━━━━━━━━━━━━ 5.0/5.0 MB 2.1 MB/s eta 0:00:00
#18 67.34 Collecting six>=1.5
#18 67.41   Downloading six-1.17.0-py2.py3-none-any.whl (11 kB)
#18 67.83 Installing collected packages: pytz, wrapt, tzdata, tabulate, six, pyyaml, protobuf, opt-einsum, numpy, attrs, absl-py, scipy, python-dateutil, ml-dtypes, ml-collections, jmp, dm-tree, biopython, pandas, jax, dm-sonnet, dm-haiku
#18 179.2 WARNING: Running pip as the 'root' user can result in broken permissions and conflicting behaviour with the system package manager. It is recommended to use a virtual environment instead: https://pip.pypa.io/warnings/venv
#18 179.2 Successfully installed absl-py-2.5.0 attrs-26.1.0 biopython-1.83 dm-haiku-0.0.17 dm-sonnet-2.0.2 dm-tree-0.1.10 jax-0.4.20 jmp-0.0.4 ml-collections-1.1.0 ml-dtypes-0.5.4 numpy-1.25.2 opt-einsum-3.4.0 pandas-2.0.0 protobuf-3.20.0 python-dateutil-2.9.0.post0 pytz-2026.5 pyyaml-6.0 scipy-1.15.3 six-1.17.0 tabulate-0.10.0 tzdata-2026.5 wrapt-2.5.0
#18 DONE 181.8s

#17 [phase2-seq-design 4/6] RUN pip install --no-cache-dir     biopython==1.83     pyyaml==6.0     numpy==1.25.2     pandas==2.0.0     torch==2.1.0     scikit-learn==1.3.0
#17 ...

#21 [phase0-target-prep 5/6] COPY scripts/run_phase0.py /app/run_phase0.py
#21 DONE 0.8s

#19 [phase3c-ranking 4/9] RUN pip install --no-cache-dir     biopython==1.83     pyyaml==6.0     numpy==1.25.2     pandas==2.0.0     scikit-learn==1.3.0     torch==2.1.0     scipy==1.11.0     matplotlib==3.7.0
#19 ...

#22 [phase0-target-prep 6/6] RUN chmod +x /app/run_phase0.py
#22 DONE 2.1s

#20 [phase1-backbone-gen 4/6] RUN pip install --no-cache-dir     biopython==1.83     pyyaml==6.0     numpy==1.25.2     pandas==2.0.0     torch==2.1.0     dm-tree     dm-haiku
#20 ...

#23 [phase0-target-prep] exporting to image
#23 exporting layers
#23 ...

#19 [phase3c-ranking 4/9] RUN pip install --no-cache-dir     biopython==1.83     pyyaml==6.0     numpy==1.25.2     pandas==2.0.0     scikit-learn==1.3.0     torch==2.1.0     scipy==1.11.0     matplotlib==3.7.0
#19 299.7      ━━━━━━━━━━━━━━━━━━━━━━━━━━━━━━━━━━━━━━━ 670.2/670.2 MB 2.3 MB/s eta 0:00:00
#19 ...

#17 [phase2-seq-design 4/6] RUN pip install --no-cache-dir     biopython==1.83     pyyaml==6.0     numpy==1.25.2     pandas==2.0.0     torch==2.1.0     scikit-learn==1.3.0
#17 500.7      ━━━━━━━━━━━━━━━━━━━━━━━━━━━━━━━━━━━━━━━ 731.7/731.7 MB 2.9 MB/s eta 0:00:00
#17 ...

#20 [phase1-backbone-gen 4/6] RUN pip install --no-cache-dir     biopython==1.83     pyyaml==6.0     numpy==1.25.2     pandas==2.0.0     torch==2.1.0     dm-tree     dm-haiku
#20 333.9      ━━━━━━━━━━━━━━━━━━━━━━━━━━━━━━━━━━━━━━━ 670.2/670.2 MB 2.5 MB/s eta 0:00:00
#20 ...

#23 [phase0-target-prep] exporting to image
#23 exporting layers 185.6s done
#23 exporting manifest sha256:25435650f98afe2e42f3c6295f927fb7990ba7f2331a5977effaf01659e2a65a
#23 exporting manifest sha256:25435650f98afe2e42f3c6295f927fb7990ba7f2331a5977effaf01659e2a65a 0.2s done
#23 exporting config sha256:9957decc43db1d528808edccd96f4fc56b3d4f9b451cf8ca94bfe1bddd616806
#23 exporting config sha256:9957decc43db1d528808edccd96f4fc56b3d4f9b451cf8ca94bfe1bddd616806 0.1s done
#23 exporting attestation manifest sha256:6228b10836cf3e7f193db8de924cb85c1f6199c1452a11d5b4a1c2cbd8586f33
#23 exporting attestation manifest sha256:6228b10836cf3e7f193db8de924cb85c1f6199c1452a11d5b4a1c2cbd8586f33 0.2s done
#23 exporting manifest list sha256:9fc7c06e220550f5db906957d0534baa11a31fc7551be574509c5c21ac54b317 0.1s done
#23 naming to harbor.internal.domain/protein-design/phase0:latest
#23 naming to harbor.internal.domain/protein-design/phase0:latest 0.0s done
#23 unpacking to harbor.internal.domain/protein-design/phase0:latest
#23 ...

#19 [phase3c-ranking 4/9] RUN pip install --no-cache-dir     biopython==1.83     pyyaml==6.0     numpy==1.25.2     pandas==2.0.0     scikit-learn==1.3.0     torch==2.1.0     scipy==1.11.0     matplotlib==3.7.0
#19 418.8 Collecting scipy==1.11.0
#19 419.1   Downloading scipy-1.11.0-cp310-cp310-manylinux_2_17_x86_64.manylinux2014_x86_64.whl (36.3 MB)
#19 426.7      ━━━━━━━━━━━━━━━━━━━━━━━━━━━━━━━━━━━━━━━━ 36.3/36.3 MB 6.1 MB/s eta 0:00:00
#19 428.2 Collecting matplotlib==3.7.0
#19 428.2   Downloading matplotlib-3.7.0-cp310-cp310-manylinux_2_17_x86_64.manylinux2014_x86_64.whl (11.6 MB)
#19 430.4      ━━━━━━━━━━━━━━━━━━━━━━━━━━━━━━━━━━━━━━━━ 11.6/11.6 MB 6.2 MB/s eta 0:00:00
#19 431.2 Collecting pytz>=2020.1
#19 431.3   Downloading pytz-2026.5-py2.py3-none-any.whl (506 kB)
#19 431.4      ━━━━━━━━━━━━━━━━━━━━━━━━━━━━━━━━━━━━━━━ 506.3/506.3 KB 7.3 MB/s eta 0:00:00
#19 ...

#20 [phase1-backbone-gen 4/6] RUN pip install --no-cache-dir     biopython==1.83     pyyaml==6.0     numpy==1.25.2     pandas==2.0.0     torch==2.1.0     dm-tree     dm-haiku
#20 431.6 Collecting dm-tree
#20 431.7   Downloading dm_tree-0.1.10-cp310-cp310-manylinux_2_24_x86_64.manylinux_2_28_x86_64.whl (183 kB)
#20 431.7      ━━━━━━━━━━━━━━━━━━━━━━━━━━━━━━━━━━━━━━━ 183.9/183.9 KB 5.6 MB/s eta 0:00:00
#20 432.1 Collecting dm-haiku
#20 432.1   Downloading dm_haiku-0.0.17-py3-none-any.whl (377 kB)
#20 432.3      ━━━━━━━━━━━━━━━━━━━━━━━━━━━━━━━━━━━━━━━ 377.0/377.0 KB 2.6 MB/s eta 0:00:00
#20 432.7 Collecting python-dateutil>=2.8.2
#20 432.7   Downloading python_dateutil-2.9.0.post0-py2.py3-none-any.whl (229 kB)
#20 432.8      ━━━━━━━━━━━━━━━━━━━━━━━━━━━━━━━━━━━━━━━ 229.9/229.9 KB 6.3 MB/s eta 0:00:00
#20 433.1 Collecting pytz>=2020.1
#20 433.1   Downloading pytz-2026.5-py2.py3-none-any.whl (506 kB)
#20 433.3      ━━━━━━━━━━━━━━━━━━━━━━━━━━━━━━━━━━━━━━━ 506.3/506.3 KB 5.2 MB/s eta 0:00:00
#20 433.4 Collecting tzdata>=2022.1
#20 433.5   Downloading tzdata-2026.5-py2.py3-none-any.whl (347 kB)
#20 433.5      ━━━━━━━━━━━━━━━━━━━━━━━━━━━━━━━━━━━━━━━ 348.0/348.0 KB 9.3 MB/s eta 0:00:00
#20 433.9 Collecting nvidia-cublas-cu12==12.1.3.1
#20 434.0   Downloading nvidia_cublas_cu12-12.1.3.1-py3-none-manylinux1_x86_64.whl (410.6 MB)
#20 ...

#19 [phase3c-ranking 4/9] RUN pip install --no-cache-dir     biopython==1.83     pyyaml==6.0     numpy==1.25.2     pandas==2.0.0     scikit-learn==1.3.0     torch==2.1.0     scipy==1.11.0     matplotlib==3.7.0
#19 431.5 Collecting python-dateutil>=2.8.2
#19 431.5   Downloading python_dateutil-2.9.0.post0-py2.py3-none-any.whl (229 kB)
#19 431.6      ━━━━━━━━━━━━━━━━━━━━━━━━━━━━━━━━━━━━━━━ 229.9/229.9 KB 9.0 MB/s eta 0:00:00
#19 431.8 Collecting tzdata>=2022.1
#19 431.9   Downloading tzdata-2026.5-py2.py3-none-any.whl (347 kB)
#19 432.0      ━━━━━━━━━━━━━━━━━━━━━━━━━━━━━━━━━━━━━━━ 348.0/348.0 KB 3.2 MB/s eta 0:00:00
#19 432.3 Collecting threadpoolctl>=2.0.0
#19 432.4   Downloading threadpoolctl-3.7.0-py3-none-any.whl (26 kB)
#19 432.5 Collecting joblib>=1.1.1
#19 432.6   Downloading joblib-1.6.0-py3-none-any.whl (306 kB)
#19 432.6      ━━━━━━━━━━━━━━━━━━━━━━━━━━━━━━━━━━━━━━━ 306.1/306.1 KB 9.9 MB/s eta 0:00:00
#19 433.0 Collecting nvidia-cuda-nvrtc-cu12==12.1.105
#19 433.1   Downloading nvidia_cuda_nvrtc_cu12-12.1.105-py3-none-manylinux1_x86_64.whl (23.7 MB)
#19 442.6      ━━━━━━━━━━━━━━━━━━━━━━━━━━━━━━━━━━━━━━━━ 23.7/23.7 MB 1.8 MB/s eta 0:00:00
#19 442.9 Collecting nvidia-cublas-cu12==12.1.3.1
#19 443.0   Downloading nvidia_cublas_cu12-12.1.3.1-py3-none-manylinux1_x86_64.whl (410.6 MB)
#19 ...

#23 [phase0-target-prep] exporting to image
#23 unpacking to harbor.internal.domain/protein-design/phase0:latest 101.0s done
#23 DONE 287.9s

#20 [phase1-backbone-gen 4/6] RUN pip install --no-cache-dir     biopython==1.83     pyyaml==6.0     numpy==1.25.2     pandas==2.0.0     torch==2.1.0     dm-tree     dm-haiku
#20 ...

#24 [phase0-target-prep] resolving provenance for metadata file
#24 DONE 0.6s

#20 [phase1-backbone-gen 4/6] RUN pip install --no-cache-dir     biopython==1.83     pyyaml==6.0     numpy==1.25.2     pandas==2.0.0     torch==2.1.0     dm-tree     dm-haiku
#20 ...

#17 [phase2-seq-design 4/6] RUN pip install --no-cache-dir     biopython==1.83     pyyaml==6.0     numpy==1.25.2     pandas==2.0.0     torch==2.1.0     scikit-learn==1.3.0
#17 685.4 Collecting nvidia-curand-cu12==10.3.2.106
#17 685.5   Downloading nvidia_curand_cu12-10.3.2.106-py3-none-manylinux1_x86_64.whl (56.5 MB)
#17 702.4      ━━━━━━━━━━━━━━━━━━━━━━━━━━━━━━━━━━━━━━━━ 56.5/56.5 MB 3.8 MB/s eta 0:00:00
#17 703.8 Collecting nvidia-cublas-cu12==12.1.3.1
#17 703.9   Downloading nvidia_cublas_cu12-12.1.3.1-py3-none-manylinux1_x86_64.whl (410.6 MB)
#17 ...

#19 [phase3c-ranking 4/9] RUN pip install --no-cache-dir     biopython==1.83     pyyaml==6.0     numpy==1.25.2     pandas==2.0.0     scikit-learn==1.3.0     torch==2.1.0     scipy==1.11.0     matplotlib==3.7.0
#19 558.4      ━━━━━━━━━━━━━━━━━━━━━━━━━━━━━━━━━━━━━━━ 410.6/410.6 MB 2.1 MB/s eta 0:00:00
#19 559.9 Collecting nvidia-cuda-cupti-cu12==12.1.105
#19 560.0   Downloading nvidia_cuda_cupti_cu12-12.1.105-py3-none-manylinux1_x86_64.whl (14.1 MB)
#19 563.1      ━━━━━━━━━━━━━━━━━━━━━━━━━━━━━━━━━━━━━━━━ 14.1/14.1 MB 4.7 MB/s eta 0:00:00
#19 563.5 Collecting nvidia-cufft-cu12==11.0.2.54
#19 563.5   Downloading nvidia_cufft_cu12-11.0.2.54-py3-none-manylinux1_x86_64.whl (121.6 MB)
#19 ...

#20 [phase1-backbone-gen 4/6] RUN pip install --no-cache-dir     biopython==1.83     pyyaml==6.0     numpy==1.25.2     pandas==2.0.0     torch==2.1.0     dm-tree     dm-haiku
#20 565.3      ━━━━━━━━━━━━━━━━━━━━━━━━━━━━━━━━━━━━━━━ 410.6/410.6 MB 3.4 MB/s eta 0:00:00
#20 567.0 Collecting nvidia-cuda-cupti-cu12==12.1.105
#20 567.1   Downloading nvidia_cuda_cupti_cu12-12.1.105-py3-none-manylinux1_x86_64.whl (14.1 MB)
#20 570.4      ━━━━━━━━━━━━━━━━━━━━━━━━━━━━━━━━━━━━━━━━ 14.1/14.1 MB 4.3 MB/s eta 0:00:00
#20 570.6 Collecting nvidia-cusolver-cu12==11.4.5.107
#20 570.7   Downloading nvidia_cusolver_cu12-11.4.5.107-py3-none-manylinux1_x86_64.whl (124.2 MB)
#20 ...

#19 [phase3c-ranking 4/9] RUN pip install --no-cache-dir     biopython==1.83     pyyaml==6.0     numpy==1.25.2     pandas==2.0.0     scikit-learn==1.3.0     torch==2.1.0     scipy==1.11.0     matplotlib==3.7.0
#19 590.7      ━━━━━━━━━━━━━━━━━━━━━━━━━━━━━━━━━━━━━━━ 121.6/121.6 MB 4.5 MB/s eta 0:00:00
#19 591.3 Collecting nvidia-curand-cu12==10.3.2.106
#19 591.4   Downloading nvidia_curand_cu12-10.3.2.106-py3-none-manylinux1_x86_64.whl (56.5 MB)
#19 604.5      ━━━━━━━━━━━━━━━━━━━━━━━━━━━━━━━━━━━━━━━━ 56.5/56.5 MB 7.0 MB/s eta 0:00:00
#19 604.7 Collecting jinja2
#19 604.8   Downloading jinja2-3.1.6-py3-none-any.whl (134 kB)
#19 604.8      ━━━━━━━━━━━━━━━━━━━━━━━━━━━━━━━━━━━━━━━ 134.9/134.9 KB 8.9 MB/s eta 0:00:00
#19 604.9 Collecting nvidia-cusolver-cu12==11.4.5.107
#19 605.0   Downloading nvidia_cusolver_cu12-11.4.5.107-py3-none-manylinux1_x86_64.whl (124.2 MB)
#19 ...

#20 [phase1-backbone-gen 4/6] RUN pip install --no-cache-dir     biopython==1.83     pyyaml==6.0     numpy==1.25.2     pandas==2.0.0     torch==2.1.0     dm-tree     dm-haiku
#20 610.0      ━━━━━━━━━━━━━━━━━━━━━━━━━━━━━━━━━━━━━━━ 124.2/124.2 MB 3.9 MB/s eta 0:00:00
#20 610.4 Collecting nvidia-nvtx-cu12==12.1.105
#20 610.5   Downloading nvidia_nvtx_cu12-12.1.105-py3-none-manylinux1_x86_64.whl (99 kB)
#20 610.5      ━━━━━━━━━━━━━━━━━━━━━━━━━━━━━━━━━━━━━━━━ 99.1/99.1 KB 2.7 MB/s eta 0:00:00
#20 610.6 Collecting nvidia-cuda-runtime-cu12==12.1.105
#20 610.7   Downloading nvidia_cuda_runtime_cu12-12.1.105-py3-none-manylinux1_x86_64.whl (823 kB)
#20 611.0      ━━━━━━━━━━━━━━━━━━━━━━━━━━━━━━━━━━━━━━━ 823.6/823.6 KB 3.6 MB/s eta 0:00:00
#20 611.1 Collecting nvidia-cudnn-cu12==8.9.2.26
#20 611.3   Downloading nvidia_cudnn_cu12-8.9.2.26-py3-none-manylinux1_x86_64.whl (731.7 MB)
#20 ...

#19 [phase3c-ranking 4/9] RUN pip install --no-cache-dir     biopython==1.83     pyyaml==6.0     numpy==1.25.2     pandas==2.0.0     scikit-learn==1.3.0     torch==2.1.0     scipy==1.11.0     matplotlib==3.7.0
#19 629.6      ━━━━━━━━━━━━━━━━━━━━━━━━━━━━━━━━━━━━━━━ 124.2/124.2 MB 6.2 MB/s eta 0:00:00
#19 630.0 Collecting nvidia-nccl-cu12==2.18.1
#19 630.1   Downloading nvidia_nccl_cu12-2.18.1-py3-none-manylinux1_x86_64.whl (209.8 MB)
#19 ...

#17 [phase2-seq-design 4/6] RUN pip install --no-cache-dir     biopython==1.83     pyyaml==6.0     numpy==1.25.2     pandas==2.0.0     torch==2.1.0     scikit-learn==1.3.0
#17 839.1      ━━━━━━━━━━━━━━━━━━━━━━━━━━━━━━━━━━━━━━━ 410.6/410.6 MB 5.2 MB/s eta 0:00:00
#17 844.7 Collecting triton==2.1.0
#17 844.7   Downloading triton-2.1.0-0-cp310-cp310-manylinux2014_x86_64.manylinux_2_17_x86_64.whl (89.2 MB)
#17 ...

#19 [phase3c-ranking 4/9] RUN pip install --no-cache-dir     biopython==1.83     pyyaml==6.0     numpy==1.25.2     pandas==2.0.0     scikit-learn==1.3.0     torch==2.1.0     scipy==1.11.0     matplotlib==3.7.0
#19 665.3      ━━━━━━━━━━━━━━━━━━━━━━━━━━━━━━━━━━━━━━━ 209.8/209.8 MB 3.7 MB/s eta 0:00:00
#19 665.9 Collecting nvidia-cuda-runtime-cu12==12.1.105
#19 665.9   Downloading nvidia_cuda_runtime_cu12-12.1.105-py3-none-manylinux1_x86_64.whl (823 kB)
#19 666.1      ━━━━━━━━━━━━━━━━━━━━━━━━━━━━━━━━━━━━━━━ 823.6/823.6 KB 6.6 MB/s eta 0:00:00
#19 666.2 Collecting nvidia-cudnn-cu12==8.9.2.26
#19 666.3   Downloading nvidia_cudnn_cu12-8.9.2.26-py3-none-manylinux1_x86_64.whl (731.7 MB)
#19 ...

#17 [phase2-seq-design 4/6] RUN pip install --no-cache-dir     biopython==1.83     pyyaml==6.0     numpy==1.25.2     pandas==2.0.0     torch==2.1.0     scikit-learn==1.3.0
#17 868.8      ━━━━━━━━━━━━━━━━━━━━━━━━━━━━━━━━━━━━━━━━ 89.2/89.2 MB 5.0 MB/s eta 0:00:00
#17 869.2 Collecting networkx
#17 869.3   Downloading networkx-3.4.2-py3-none-any.whl (1.7 MB)
#17 869.9      ━━━━━━━━━━━━━━━━━━━━━━━━━━━━━━━━━━━━━━━━ 1.7/1.7 MB 2.8 MB/s eta 0:00:00
#17 870.1 Collecting jinja2
#17 870.2   Downloading jinja2-3.1.6-py3-none-any.whl (134 kB)
#17 870.3      ━━━━━━━━━━━━━━━━━━━━━━━━━━━━━━━━━━━━━━━ 134.9/134.9 KB 6.5 MB/s eta 0:00:00
#17 870.4 Collecting typing-extensions
#17 870.4   Downloading typing_extensions-4.16.0-py3-none-any.whl (45 kB)
#17 870.5      ━━━━━━━━━━━━━━━━━━━━━━━━━━━━━━━━━━━━━━━━ 45.6/45.6 KB 6.7 MB/s eta 0:00:00
#17 870.7 Collecting nvidia-cusparse-cu12==12.1.0.106
#17 870.8   Downloading nvidia_cusparse_cu12-12.1.0.106-py3-none-manylinux1_x86_64.whl (196.0 MB)
#17 940.8      ━━━━━━━━━━━━━━━━━━━━━━━━━━━━━━━━━━━━━━━ 196.0/196.0 MB 3.6 MB/s eta 0:00:00
#17 941.6 Collecting fsspec
#17 941.7   Downloading fsspec-2026.9.0-py3-none-any.whl (221 kB)
#17 941.7      ━━━━━━━━━━━━━━━━━━━━━━━━━━━━━━━━━━━━━━━ 221.7/221.7 KB 3.8 MB/s eta 0:00:00
#17 946.7 Collecting nvidia-nvtx-cu12==12.1.105
#17 946.7   Downloading nvidia_nvtx_cu12-12.1.105-py3-none-manylinux1_x86_64.whl (99 kB)
#17 946.8      ━━━━━━━━━━━━━━━━━━━━━━━━━━━━━━━━━━━━━━━━ 99.1/99.1 KB 2.2 MB/s eta 0:00:00
#17 947.0 Collecting nvidia-cuda-nvrtc-cu12==12.1.105
#17 947.0   Downloading nvidia_cuda_nvrtc_cu12-12.1.105-py3-none-manylinux1_x86_64.whl (23.7 MB)
#17 954.2      ━━━━━━━━━━━━━━━━━━━━━━━━━━━━━━━━━━━━━━━━ 23.7/23.7 MB 2.7 MB/s eta 0:00:00
#17 954.4 Collecting nvidia-cuda-cupti-cu12==12.1.105
#17 954.5   Downloading nvidia_cuda_cupti_cu12-12.1.105-py3-none-manylinux1_x86_64.whl (14.1 MB)
#17 960.4      ━━━━━━━━━━━━━━━━━━━━━━━━━━━━━━━━━━━━━━━━ 14.1/14.1 MB 2.3 MB/s eta 0:00:00
#17 960.6 Collecting nvidia-cufft-cu12==11.0.2.54
#17 960.7   Downloading nvidia_cufft_cu12-11.0.2.54-py3-none-manylinux1_x86_64.whl (121.6 MB)
#17 1028.3      ━━━━━━━━━━━━━━━━━━━━━━━━━━━━━━━━━━━━━━━ 121.6/121.6 MB 1.5 MB/s eta 0:00:00
#17 1029.0 Collecting joblib>=1.1.1
#17 1029.3   Downloading joblib-1.6.0-py3-none-any.whl (306 kB)
#17 1029.5      ━━━━━━━━━━━━━━━━━━━━━━━━━━━━━━━━━━━━━━━ 306.1/306.1 KB 1.6 MB/s eta 0:00:00
#17 1037.5 Collecting scipy>=1.5.0
#17 1038.3   Downloading scipy-1.15.3-cp310-cp310-manylinux_2_17_x86_64.manylinux2014_x86_64.whl (37.7 MB)
#17 1051.2      ━━━━━━━━━━━━━━━━━━━━━━━━━━━━━━━━━━━━━━━━ 37.7/37.7 MB 3.1 MB/s eta 0:00:00
#17 1051.4 Collecting threadpoolctl>=2.0.0
#17 1051.6   Downloading threadpoolctl-3.7.0-py3-none-any.whl (26 kB)
#17 1052.0 Collecting nvidia-nvjitlink-cu12
#17 1052.1   Downloading nvidia_nvjitlink_cu12-12.9.86-py3-none-manylinux2010_x86_64.manylinux_2_12_x86_64.whl (39.7 MB)
#17 1064.1      ━━━━━━━━━━━━━━━━━━━━━━━━━━━━━━━━━━━━━━━━ 39.7/39.7 MB 3.2 MB/s eta 0:00:00
#17 1064.5 Collecting cloudpickle>=3.0
#17 1064.5   Downloading cloudpickle-3.1.2-py3-none-any.whl (22 kB)
#17 1064.6 Collecting six>=1.5
#17 1064.7   Downloading six-1.17.0-py2.py3-none-any.whl (11 kB)
#17 1065.8 Collecting MarkupSafe>=2.0
#17 1065.8   Downloading markupsafe-3.0.4-cp310-cp310-manylinux2014_x86_64.manylinux_2_17_x86_64.manylinux_2_28_x86_64.whl (20 kB)
#17 1066.1 Collecting mpmath<1.4,>=1.1.0
#17 1066.1   Downloading mpmath-1.3.0-py3-none-any.whl (536 kB)
#17 1066.2      ━━━━━━━━━━━━━━━━━━━━━━━━━━━━━━━━━━━━━━━ 536.2/536.2 KB 6.6 MB/s eta 0:00:00
#17 ...

#20 [phase1-backbone-gen 4/6] RUN pip install --no-cache-dir     biopython==1.83     pyyaml==6.0     numpy==1.25.2     pandas==2.0.0     torch==2.1.0     dm-tree     dm-haiku
#20 869.4      ━━━━━━━━━━━━━━━━━━━━━━━━━━━━━━━━━━━━━━━ 731.7/731.7 MB 4.5 MB/s eta 0:00:00
#20 ...

#17 [phase2-seq-design 4/6] RUN pip install --no-cache-dir     biopython==1.83     pyyaml==6.0     numpy==1.25.2     pandas==2.0.0     torch==2.1.0     scikit-learn==1.3.0
#17 1071.8 Installing collected packages: pytz, mpmath, tzdata, typing-extensions, threadpoolctl, sympy, six, pyyaml, nvidia-nvtx-cu12, nvidia-nvjitlink-cu12, nvidia-nccl-cu12, nvidia-curand-cu12, nvidia-cufft-cu12, nvidia-cuda-runtime-cu12, nvidia-cuda-nvrtc-cu12, nvidia-cuda-cupti-cu12, nvidia-cublas-cu12, numpy, networkx, MarkupSafe, fsspec, filelock, cloudpickle, triton, scipy, python-dateutil, nvidia-cusparse-cu12, nvidia-cudnn-cu12, joblib, jinja2, biopython, scikit-learn, pandas, nvidia-cusolver-cu12, torch
#17 ...

#19 [phase3c-ranking 4/9] RUN pip install --no-cache-dir     biopython==1.83     pyyaml==6.0     numpy==1.25.2     pandas==2.0.0     scikit-learn==1.3.0     torch==2.1.0     scipy==1.11.0     matplotlib==3.7.0
#19 892.6      ━━━━━━━━━━━━━━━━━━━━━━━━━━━━━━━━━━━━━━━ 731.7/731.7 MB 8.2 MB/s eta 0:00:00
#19 923.1 Collecting sympy
#19 923.2   Downloading sympy-1.14.0-py3-none-any.whl (6.3 MB)
#19 923.8      ━━━━━━━━━━━━━━━━━━━━━━━━━━━━━━━━━━━━━━━━ 6.3/6.3 MB 11.0 MB/s eta 0:00:00
#19 924.1 Collecting typing-extensions
#19 924.1   Downloading typing_extensions-4.16.0-py3-none-any.whl (45 kB)
#19 924.1      ━━━━━━━━━━━━━━━━━━━━━━━━━━━━━━━━━━━━━━━━ 45.6/45.6 KB 19.3 MB/s eta 0:00:00
#19 924.3 Collecting nvidia-cusparse-cu12==12.1.0.106
#19 924.4   Downloading nvidia_cusparse_cu12-12.1.0.106-py3-none-manylinux1_x86_64.whl (196.0 MB)
#19 ...

#20 [phase1-backbone-gen 4/6] RUN pip install --no-cache-dir     biopython==1.83     pyyaml==6.0     numpy==1.25.2     pandas==2.0.0     torch==2.1.0     dm-tree     dm-haiku
#20 924.8 Collecting nvidia-cufft-cu12==11.0.2.54
#20 924.9   Downloading nvidia_cufft_cu12-11.0.2.54-py3-none-manylinux1_x86_64.whl (121.6 MB)
#20 959.1      ━━━━━━━━━━━━━━━━━━━━━━━━━━━━━━━━━━━━━━━ 121.6/121.6 MB 3.1 MB/s eta 0:00:00
#20 960.0 Collecting nvidia-cusparse-cu12==12.1.0.106
#20 960.0   Downloading nvidia_cusparse_cu12-12.1.0.106-py3-none-manylinux1_x86_64.whl (196.0 MB)
#20 ...

#19 [phase3c-ranking 4/9] RUN pip install --no-cache-dir     biopython==1.83     pyyaml==6.0     numpy==1.25.2     pandas==2.0.0     scikit-learn==1.3.0     torch==2.1.0     scipy==1.11.0     matplotlib==3.7.0
#19 972.5      ━━━━━━━━━━━━━━━━━━━━━━━━━━━━━━━━━━━━━━━ 196.0/196.0 MB 4.4 MB/s eta 0:00:00
#19 975.8 Collecting filelock
#19 975.9   Downloading filelock-4.0.10-py3-none-any.whl (111 kB)
#19 975.9      ━━━━━━━━━━━━━━━━━━━━━━━━━━━━━━━━━━━━━━━ 111.2/111.2 KB 5.9 MB/s eta 0:00:00
#19 976.2 Collecting networkx
#19 976.2   Downloading networkx-3.4.2-py3-none-any.whl (1.7 MB)
#19 976.6      ━━━━━━━━━━━━━━━━━━━━━━━━━━━━━━━━━━━━━━━━ 1.7/1.7 MB 4.5 MB/s eta 0:00:00
#19 976.9 Collecting fsspec
#19 976.9   Downloading fsspec-2026.9.0-py3-none-any.whl (221 kB)
#19 977.0      ━━━━━━━━━━━━━━━━━━━━━━━━━━━━━━━━━━━━━━━ 221.7/221.7 KB 5.4 MB/s eta 0:00:00
#19 977.4 Collecting triton==2.1.0
#19 977.4   Downloading triton-2.1.0-0-cp310-cp310-manylinux2014_x86_64.manylinux_2_17_x86_64.whl (89.2 MB)
#19 1002.7      ━━━━━━━━━━━━━━━━━━━━━━━━━━━━━━━━━━━━━━━━ 89.2/89.2 MB 2.3 MB/s eta 0:00:00
#19 1004.4 Collecting nvidia-nvtx-cu12==12.1.105
#19 1004.5   Downloading nvidia_nvtx_cu12-12.1.105-py3-none-manylinux1_x86_64.whl (99 kB)
#19 1004.6      ━━━━━━━━━━━━━━━━━━━━━━━━━━━━━━━━━━━━━━━━ 99.1/99.1 KB 16.5 MB/s eta 0:00:00
#19 ...

#20 [phase1-backbone-gen 4/6] RUN pip install --no-cache-dir     biopython==1.83     pyyaml==6.0     numpy==1.25.2     pandas==2.0.0     torch==2.1.0     dm-tree     dm-haiku
#20 1004.9      ━━━━━━━━━━━━━━━━━━━━━━━━━━━━━━━━━━━━━━━ 196.0/196.0 MB 6.3 MB/s eta 0:00:00
#20 1008.0 Collecting triton==2.1.0
#20 1008.2   Downloading triton-2.1.0-0-cp310-cp310-manylinux2014_x86_64.manylinux_2_17_x86_64.whl (89.2 MB)
#20 ...

#19 [phase3c-ranking 4/9] RUN pip install --no-cache-dir     biopython==1.83     pyyaml==6.0     numpy==1.25.2     pandas==2.0.0     scikit-learn==1.3.0     torch==2.1.0     scipy==1.11.0     matplotlib==3.7.0
#19 1005.3 Collecting pyparsing>=2.3.1
#19 1005.4   Downloading pyparsing-3.3.3-py3-none-any.whl (126 kB)
#19 1005.5      ━━━━━━━━━━━━━━━━━━━━━━━━━━━━━━━━━━━━━━━ 126.4/126.4 KB 3.3 MB/s eta 0:00:00
#19 1005.6 Collecting cycler>=0.10
#19 1005.6   Downloading cycler-0.12.1-py3-none-any.whl (8.3 kB)
#19 1006.6 Collecting kiwisolver>=1.0.1
#19 1006.7   Downloading kiwisolver-1.5.1-cp310-cp310-manylinux_2_12_x86_64.manylinux2010_x86_64.whl (1.6 MB)
#19 1007.1      ━━━━━━━━━━━━━━━━━━━━━━━━━━━━━━━━━━━━━━━━ 1.6/1.6 MB 4.5 MB/s eta 0:00:00
#19 1007.4 Collecting packaging>=20.0
#19 1007.5   Downloading packaging-26.3-py3-none-any.whl (129 kB)
#19 1007.6      ━━━━━━━━━━━━━━━━━━━━━━━━━━━━━━━━━━━━━━━ 130.0/130.0 KB 4.1 MB/s eta 0:00:00
#19 1009.7 Collecting fonttools>=4.22.0
#19 1009.8   Downloading fonttools-4.65.0-cp310-cp310-manylinux2014_x86_64.manylinux_2_17_x86_64.whl (5.3 MB)
#19 1011.6      ━━━━━━━━━━━━━━━━━━━━━━━━━━━━━━━━━━━━━━━━ 5.3/5.3 MB 2.8 MB/s eta 0:00:00
#19 1012.4 Collecting contourpy>=1.0.1
#19 1012.5   Downloading contourpy-1.3.2-cp310-cp310-manylinux_2_17_x86_64.manylinux2014_x86_64.whl (325 kB)
#19 1012.6      ━━━━━━━━━━━━━━━━━━━━━━━━━━━━━━━━━━━━━━━ 325.0/325.0 KB 2.4 MB/s eta 0:00:00
#19 1020.3 Collecting pillow>=6.2.0
#19 1020.4   Downloading pillow-12.3.0-cp310-cp310-manylinux_2_27_x86_64.manylinux_2_28_x86_64.whl (6.9 MB)
#19 1021.9      ━━━━━━━━━━━━━━━━━━━━━━━━━━━━━━━━━━━━━━━━ 6.9/6.9 MB 4.6 MB/s eta 0:00:00
#19 1022.2 Collecting nvidia-nvjitlink-cu12
#19 1022.3   Downloading nvidia_nvjitlink_cu12-12.9.86-py3-none-manylinux2010_x86_64.manylinux_2_12_x86_64.whl (39.7 MB)
#19 ...

#20 [phase1-backbone-gen 4/6] RUN pip install --no-cache-dir     biopython==1.83     pyyaml==6.0     numpy==1.25.2     pandas==2.0.0     torch==2.1.0     dm-tree     dm-haiku
#20 1027.2      ━━━━━━━━━━━━━━━━━━━━━━━━━━━━━━━━━━━━━━━━ 89.2/89.2 MB 3.2 MB/s eta 0:00:00
#20 1029.0 Collecting filelock
#20 1029.0   Downloading filelock-4.0.10-py3-none-any.whl (111 kB)
#20 1029.1      ━━━━━━━━━━━━━━━━━━━━━━━━━━━━━━━━━━━━━━━ 111.2/111.2 KB 7.6 MB/s eta 0:00:00
#20 1029.2 Collecting jinja2
#20 1029.3   Downloading jinja2-3.1.6-py3-none-any.whl (134 kB)
#20 1029.3      ━━━━━━━━━━━━━━━━━━━━━━━━━━━━━━━━━━━━━━━ 134.9/134.9 KB 6.8 MB/s eta 0:00:00
#20 1029.5 Collecting nvidia-cuda-nvrtc-cu12==12.1.105
#20 1029.6   Downloading nvidia_cuda_nvrtc_cu12-12.1.105-py3-none-manylinux1_x86_64.whl (23.7 MB)
#20 ...

#19 [phase3c-ranking 4/9] RUN pip install --no-cache-dir     biopython==1.83     pyyaml==6.0     numpy==1.25.2     pandas==2.0.0     scikit-learn==1.3.0     torch==2.1.0     scipy==1.11.0     matplotlib==3.7.0
#19 1031.0      ━━━━━━━━━━━━━━━━━━━━━━━━━━━━━━━━━━━━━━━━ 39.7/39.7 MB 5.1 MB/s eta 0:00:00
#19 1031.5 Collecting cloudpickle>=3.0
#19 1031.5   Downloading cloudpickle-3.1.2-py3-none-any.whl (22 kB)
#19 1031.7 Collecting six>=1.5
#19 1031.8   Downloading six-1.17.0-py2.py3-none-any.whl (11 kB)
#19 1032.2 Collecting MarkupSafe>=2.0
#19 1032.3   Downloading markupsafe-3.0.4-cp310-cp310-manylinux2014_x86_64.manylinux_2_17_x86_64.manylinux_2_28_x86_64.whl (20 kB)
#19 1032.9 Collecting mpmath<1.4,>=1.1.0
#19 1032.9   Downloading mpmath-1.3.0-py3-none-any.whl (536 kB)
#19 1033.0      ━━━━━━━━━━━━━━━━━━━━━━━━━━━━━━━━━━━━━━ 536.2/536.2 KB 10.8 MB/s eta 0:00:00
#19 1033.1 WARNING: The candidate selected for download or install is a yanked version: 'scipy' candidate (version 1.11.0 at https://files.pythonhosted.org/packages/5a/55/ec296aa9399d00f5d6794b90d96b5cce5eeb46c62450173fedb2b3b7ef72/scipy-1.11.0-cp310-cp310-manylinux_2_17_x86_64.manylinux2014_x86_64.whl#sha256=a53f9cebcfda6158c241c35a559407a4ef6b8cb0863eb4144958fe0a0b7c3dae (from https://pypi.org/simple/scipy/) (requires-python:<3.13,>=3.9))
#19 1033.1 Reason for being yanked: License Violation
#19 1037.1 Installing collected packages: pytz, mpmath, tzdata, typing-extensions, threadpoolctl, sympy, six, pyyaml, pyparsing, pillow, packaging, nvidia-nvtx-cu12, nvidia-nvjitlink-cu12, nvidia-nccl-cu12, nvidia-curand-cu12, nvidia-cufft-cu12, nvidia-cuda-runtime-cu12, nvidia-cuda-nvrtc-cu12, nvidia-cuda-cupti-cu12, nvidia-cublas-cu12, numpy, networkx, MarkupSafe, kiwisolver, fsspec, fonttools, filelock, cycler, cloudpickle, triton, scipy, python-dateutil, nvidia-cusparse-cu12, nvidia-cudnn-cu12, joblib, jinja2, contourpy, biopython, scikit-learn, pandas, nvidia-cusolver-cu12, matplotlib, torch
#19 ...

#20 [phase1-backbone-gen 4/6] RUN pip install --no-cache-dir     biopython==1.83     pyyaml==6.0     numpy==1.25.2     pandas==2.0.0     torch==2.1.0     dm-tree     dm-haiku
#20 1034.0      ━━━━━━━━━━━━━━━━━━━━━━━━━━━━━━━━━━━━━━━━ 23.7/23.7 MB 5.6 MB/s eta 0:00:00
#20 1034.4 Collecting typing-extensions
#20 1034.5   Downloading typing_extensions-4.16.0-py3-none-any.whl (45 kB)
#20 1034.5      ━━━━━━━━━━━━━━━━━━━━━━━━━━━━━━━━━━━━━━━━ 45.6/45.6 KB 7.1 MB/s eta 0:00:00
#20 1034.9 Collecting sympy
#20 1035.0   Downloading sympy-1.14.0-py3-none-any.whl (6.3 MB)
#20 1036.1      ━━━━━━━━━━━━━━━━━━━━━━━━━━━━━━━━━━━━━━━━ 6.3/6.3 MB 5.6 MB/s eta 0:00:00
#20 1036.8 Collecting networkx
#20 1036.9   Downloading networkx-3.4.2-py3-none-any.whl (1.7 MB)
#20 1037.1      ━━━━━━━━━━━━━━━━━━━━━━━━━━━━━━━━━━━━━━━━ 1.7/1.7 MB 8.9 MB/s eta 0:00:00
#20 1037.2 Collecting nvidia-curand-cu12==10.3.2.106
#20 1037.3   Downloading nvidia_curand_cu12-10.3.2.106-py3-none-manylinux1_x86_64.whl (56.5 MB)
#20 1044.0      ━━━━━━━━━━━━━━━━━━━━━━━━━━━━━━━━━━━━━━━━ 56.5/56.5 MB 9.7 MB/s eta 0:00:00
#20 1044.3 Collecting fsspec
#20 1044.4   Downloading fsspec-2026.9.0-py3-none-any.whl (221 kB)
#20 1044.4      ━━━━━━━━━━━━━━━━━━━━━━━━━━━━━━━━━━━━━━ 221.7/221.7 KB 32.0 MB/s eta 0:00:00
target phase1-backbone-gen: failed to receive status: rpc error: code = Unavailable desc = error reading from server: 
EOF



View build details: docker-desktop://dashboard/build/default/default/8u6av52z0kbz3cjhrerf7yt0v

